D:\capstoneRoot\data\ASPIRE_forDistro\1 Downlooking\RGB\image_2931080278.png,1.2902,11.4686
D:\capstoneRoot\data\ASPIRE_forDistro\1 Downlooking\RGB\image_2931072333.png,1.2942,5.3746
D:\capstoneRoot\data\ASPIRE_forDistro\1 Downlooking\RGB\image_2931081059.png,1.2972,12.0766
D:\capstoneRoot\data\ASPIRE_forDistro\1 Downlooking\RGB\image_2931071293.png,1.2992,4.5786
D:\capstoneRoot\data\ASPIRE_forDistro\1 Downlooking\RGB\image_2931072203.png,1.3022,5.2776
D:\capstoneRoot\data\ASPIRE_forDistro\1 Downlooking\RGB\image_2931081189.png,1.3042,12.1756
D:\capstoneRoot\data\ASPIRE_forDistro\1 Downlooking\RGB\image_2931071423.png,1.3072,4.6696
D:\capstoneRoot\data\ASPIRE_forDistro\1 Downlooking\RGB\image_2931080408.png,1.308945,11.5706
D:\capstoneRoot\data\ASPIRE_forDistro\1 Downlooking\RGB\image_2931071163.png,1.3092,4.4756
D:\capstoneRoot\data\ASPIRE_forDistro\1 Downlooking\RGB\image_2931072073.png,1.318595,5.1746
D:\capstoneRoot\data\ASPIRE_forDistro\1 Downlooking\RGB\image_2931079887.png,1.324519,11.1736
D:\capstoneRoot\data\ASPIRE_forDistro\1 Downlooking\RGB\image_2931070384.png,1.4022,3.8776
D:\capstoneRoot\data\ASPIRE_forDistro\1 Downlooking\RGB\image_2931080537.png,1.4052,11.6716
D:\capstoneRoot\data\ASPIRE_forDistro\1 Downlooking\RGB\image_2931079755.png,1.4412,11.0706
D:\capstoneRoot\data\ASPIRE_forDistro\1 Downlooking\RGB\image_2931070253.png,1.5132,3.7776
D:\capstoneRoot\data\ASPIRE_forDistro\1 Downlooking\RGB\image_2931083663.png,1.5232,14.0576
D:\capstoneRoot\data\ASPIRE_forDistro\1 Downlooking\RGB\image_2931077278.png,1.5252,9.1756
D:\capstoneRoot\data\ASPIRE_forDistro\1 Downlooking\RGB\image_2931070123.png,1.5262,3.6746
D:\capstoneRoot\data\ASPIRE_forDistro\1 Downlooking\RGB\image_2931077408.png,1.5302,9.2756
D:\capstoneRoot\data\ASPIRE_forDistro\1 Downlooking\RGB\image_2931078189.png,1.54191,9.8736
D:\capstoneRoot\data\ASPIRE_forDistro\1 Downlooking\RGB\image_2931079232.png,1.547464,10.6726
D:\capstoneRoot\data\ASPIRE_forDistro\1 Downlooking\RGB\image_2931069993.png,1.5522,3.5786
D:\capstoneRoot\data\ASPIRE_forDistro\1 Downlooking\RGB\image_2931083793.png,1.5522,14.1576
D:\capstoneRoot\data\ASPIRE_forDistro\1 Downlooking\RGB\image_2931079623.png,1.567476,10.9726
D:\capstoneRoot\data\ASPIRE_forDistro\1 Downlooking\RGB\image_2931069862.png,1.6422,3.4726
D:\capstoneRoot\data\ASPIRE_forDistro\1 Downlooking\RGB\image_2931079361.png,1.6442,10.7726
D:\capstoneRoot\data\ASPIRE_forDistro\1 Downlooking\RGB\image_2931076626.png,1.6472,8.6746
D:\capstoneRoot\data\ASPIRE_forDistro\1 Downlooking\RGB\image_2931077667.png,1.6472,9.4746
D:\capstoneRoot\data\ASPIRE_forDistro\1 Downlooking\RGB\image_2931076756.png,1.6502,8.7736
D:\capstoneRoot\data\ASPIRE_forDistro\1 Downlooking\RGB\image_2931078970.png,1.6502,10.4736
D:\capstoneRoot\data\ASPIRE_forDistro\1 Downlooking\RGB\image_2931069732.png,1.6592,3.3736
D:\capstoneRoot\data\ASPIRE_forDistro\1 Downlooking\RGB\image_2931083009.png,1.6612,13.5726
D:\capstoneRoot\data\ASPIRE_forDistro\1 Downlooking\RGB\image_2931076886.png,1.66139,8.8716
D:\capstoneRoot\data\ASPIRE_forDistro\1 Downlooking\RGB\image_2931083400.png,1.6682,13.8586
D:\capstoneRoot\data\ASPIRE_forDistro\1 Downlooking\RGB\image_2931077016.png,1.671608,8.9746
D:\capstoneRoot\data\ASPIRE_forDistro\1 Downlooking\RGB\image_2931077797.png,1.6752,9.5766
D:\capstoneRoot\data\ASPIRE_forDistro\1 Downlooking\RGB\image_2931079100.png,1.6782,10.5726
D:\capstoneRoot\data\ASPIRE_forDistro\1 Downlooking\RGB\image_2931077145.png,1.7512,9.0746
D:\capstoneRoot\data\ASPIRE_forDistro\1 Downlooking\RGB\image_2931077926.png,1.755157,9.6746
D:\capstoneRoot\data\ASPIRE_forDistro\1 Downlooking\RGB\image_2931069601.png,1.7592,3.2736
D:\capstoneRoot\data\ASPIRE_forDistro\1 Downlooking\RGB\image_2931079490.png,1.759732,10.8686
D:\capstoneRoot\data\ASPIRE_forDistro\1 Downlooking\RGB\image_2931078578.png,1.7652,10.1756
D:\capstoneRoot\data\ASPIRE_forDistro\1 Downlooking\RGB\image_2931083138.png,1.7732,13.6726
D:\capstoneRoot\data\ASPIRE_forDistro\1 Downlooking\RGB\image_2931069470.png,1.8682,3.1756
D:\capstoneRoot\data\ASPIRE_forDistro\1 Downlooking\RGB\image_2931076493.png,1.8922,8.5756
D:\capstoneRoot\data\ASPIRE_forDistro\1 Downlooking\RGB\image_2931082485.png,1.892573,13.1766
D:\capstoneRoot\data\ASPIRE_forDistro\1 Downlooking\RGB\image_2931076102.png,1.9032,8.2736
D:\capstoneRoot\data\ASPIRE_forDistro\1 Downlooking\RGB\image_2931069340.png,1.9062,3.0796
D:\capstoneRoot\data\ASPIRE_forDistro\1 Downlooking\RGB\image_2931082614.png,1.9882,13.2736
D:\capstoneRoot\data\ASPIRE_forDistro\1 Downlooking\RGB\image_2931076231.png,1.999387,8.365237
D:\capstoneRoot\data\ASPIRE_forDistro\1 Downlooking\RGB\image_2931082744.png,2.0062,13.3746
D:\capstoneRoot\data\ASPIRE_forDistro\1 Downlooking\RGB\image_2931069209.png,2.0172,2.9776
D:\capstoneRoot\data\ASPIRE_forDistro\1 Downlooking\RGB\image_2931082353.png,2.0282,13.0736
D:\capstoneRoot\data\ASPIRE_forDistro\1 Downlooking\RGB\image_2931075839.png,2.1162,8.0756
D:\capstoneRoot\data\ASPIRE_forDistro\1 Downlooking\RGB\image_2931069078.png,2.130212,2.8766
D:\capstoneRoot\data\ASPIRE_forDistro\1 Downlooking\RGB\image_2931075318.png,2.1862,7.6746
D:\capstoneRoot\data\ASPIRE_forDistro\1 Downlooking\RGB\image_2931068948.png,2.270162,2.7746
D:\capstoneRoot\data\ASPIRE_forDistro\1 Downlooking\RGB\image_2931082221.png,2.2872,12.9746
D:\capstoneRoot\data\ASPIRE_forDistro\1 Downlooking\RGB\image_2931068689.png,2.3162,2.5776
D:\capstoneRoot\data\ASPIRE_forDistro\1 Downlooking\RGB\image_2931075187.png,2.4012,7.5766
D:\capstoneRoot\data\ASPIRE_forDistro\1 Downlooking\RGB\image_2931068818.png,2.4152,2.6756
D:\capstoneRoot\data\ASPIRE_forDistro\1 Downlooking\RGB\image_2931082090.png,2.4492,12.8746
D:\capstoneRoot\data\ASPIRE_forDistro\1 Downlooking\RGB\image_2931068559.png,2.4842,2.4826
D:\capstoneRoot\data\ASPIRE_forDistro\1 Downlooking\RGB\image_2931081829.png,2.5272,12.6726
D:\capstoneRoot\data\ASPIRE_forDistro\1 Downlooking\RGB\image_2931074402.png,2.5662,6.9806
D:\capstoneRoot\data\ASPIRE_forDistro\1 Downlooking\RGB\image_2931081959.png,2.6152,12.7726
D:\capstoneRoot\data\ASPIRE_forDistro\1 Downlooking\RGB\image_2931068429.png,2.6162,2.3796
D:\capstoneRoot\data\ASPIRE_forDistro\1 Downlooking\RGB\image_2931081698.png,2.7152,12.5746
D:\capstoneRoot\data\ASPIRE_forDistro\1 Downlooking\RGB\image_2931068299.png,2.7535,2.2776
D:\capstoneRoot\data\ASPIRE_forDistro\1 Downlooking\RGB\image_2931074271.png,2.8042,6.8786
D:\capstoneRoot\data\ASPIRE_forDistro\1 Downlooking\RGB\image_2931081567.png,2.8522,12.4706
D:\capstoneRoot\data\ASPIRE_forDistro\1 Downlooking\RGB\image_2931068040.png,2.8692,2.0806
D:\capstoneRoot\data\ASPIRE_forDistro\1 Downlooking\RGB\image_2931074010.png,2.9432,6.6786
D:\capstoneRoot\data\ASPIRE_forDistro\1 Downlooking\RGB\image_2931081436.png,2.9652,12.3706
D:\capstoneRoot\data\ASPIRE_forDistro\1 Downlooking\RGB\image_2931067910.png,3.0072,1.9746
D:\capstoneRoot\data\ASPIRE_forDistro\1 Downlooking\RGB\image_2931074140.png,3.0242,6.7766
D:\capstoneRoot\data\ASPIRE_forDistro\1 Downlooking\RGB\image_2931070760.png,3.1142,4.1786
D:\capstoneRoot\data\ASPIRE_forDistro\1 Downlooking\RGB\image_2931073879.png,3.132691,6.5796
D:\capstoneRoot\data\ASPIRE_forDistro\1 Downlooking\RGB\image_2931067780.png,3.158903,1.8756
D:\capstoneRoot\data\ASPIRE_forDistro\1 Downlooking\RGB\image_2931081305.png,3.1692,12.2746
D:\capstoneRoot\data\ASPIRE_forDistro\1 Downlooking\RGB\image_2931080003.png,3.176115,11.2756
D:\capstoneRoot\data\ASPIRE_forDistro\1 Downlooking\RGB\image_2931071019.png,3.1932,4.3766
D:\capstoneRoot\data\ASPIRE_forDistro\1 Downlooking\RGB\image_2931073228.png,3.2012,6.0776
D:\capstoneRoot\data\ASPIRE_forDistro\1 Downlooking\RGB\image_2931070630.png,3.2112,4.0756
D:\capstoneRoot\data\ASPIRE_forDistro\1 Downlooking\RGB\image_2931080133.png,3.22058,11.3706
D:\capstoneRoot\data\ASPIRE_forDistro\1 Downlooking\RGB\image_2931070889.png,3.2362,4.2716
D:\capstoneRoot\data\ASPIRE_forDistro\1 Downlooking\RGB\image_2931073488.png,3.236607,6.2766
D:\capstoneRoot\data\ASPIRE_forDistro\1 Downlooking\RGB\image_2931072838.png,3.2532,5.7746
D:\capstoneRoot\data\ASPIRE_forDistro\1 Downlooking\RGB\image_2931070500.png,3.2852,3.9776
D:\capstoneRoot\data\ASPIRE_forDistro\1 Downlooking\RGB\image_2931080263.png,3.293396,11.4686
D:\capstoneRoot\data\ASPIRE_forDistro\1 Downlooking\RGB\image_2931081044.png,3.2982,12.0766
D:\capstoneRoot\data\ASPIRE_forDistro\1 Downlooking\RGB\image_2931072448.png,3.310637,5.4786
D:\capstoneRoot\data\ASPIRE_forDistro\1 Downlooking\RGB\image_2931071278.png,3.333612,4.5786
D:\capstoneRoot\data\ASPIRE_forDistro\1 Downlooking\RGB\image_2931081174.png,3.3412,12.1756
D:\capstoneRoot\data\ASPIRE_forDistro\1 Downlooking\RGB\image_2931080393.png,3.3422,11.5716
D:\capstoneRoot\data\ASPIRE_forDistro\1 Downlooking\RGB\image_2931071798.png,3.3532,4.9746
D:\capstoneRoot\data\ASPIRE_forDistro\1 Downlooking\RGB\image_2931079900.png,3.3712,11.2276
D:\capstoneRoot\data\ASPIRE_forDistro\1 Downlooking\RGB\image_2931071928.png,3.3822,5.0776
D:\capstoneRoot\data\ASPIRE_forDistro\1 Downlooking\RGB\image_2931079872.png,3.3852,11.1736
D:\capstoneRoot\data\ASPIRE_forDistro\1 Downlooking\RGB\image_2931071668.png,3.390757,4.8776
D:\capstoneRoot\data\ASPIRE_forDistro\1 Downlooking\RGB\image_2931070370.png,3.4042,3.8776
D:\capstoneRoot\data\ASPIRE_forDistro\1 Downlooking\RGB\image_2931071956.png,3.4042,5.1276
D:\capstoneRoot\data\ASPIRE_forDistro\1 Downlooking\RGB\image_2931080421.png,3.4152,11.6266
D:\capstoneRoot\data\ASPIRE_forDistro\1 Downlooking\RGB\image_2931071826.png,3.4172,5.0276
D:\capstoneRoot\data\ASPIRE_forDistro\1 Downlooking\RGB\image_2931080523.png,3.4182,11.6716
D:\capstoneRoot\data\ASPIRE_forDistro\1 Downlooking\RGB\image_2931072086.png,3.4212,5.2296
D:\capstoneRoot\data\ASPIRE_forDistro\1 Downlooking\RGB\image_2931070398.png,3.4362,3.9276
D:\capstoneRoot\data\ASPIRE_forDistro\1 Downlooking\RGB\image_2931080653.png,3.4432,11.7756
D:\capstoneRoot\data\ASPIRE_forDistro\1 Downlooking\RGB\image_2931071176.png,3.4512,4.5266
D:\capstoneRoot\data\ASPIRE_forDistro\1 Downlooking\RGB\image_2931080291.png,3.472035,11.5246
D:\capstoneRoot\data\ASPIRE_forDistro\1 Downlooking\RGB\image_2931067671.png,3.4822,1.8276
D:\capstoneRoot\data\ASPIRE_forDistro\1 Downlooking\RGB\image_2931071306.png,3.48397,4.6206
D:\capstoneRoot\data\ASPIRE_forDistro\1 Downlooking\RGB\image_2931072216.png,3.4852,5.3246
D:\capstoneRoot\data\ASPIRE_forDistro\1 Downlooking\RGB\image_2931081072.png,3.4982,12.1266
D:\capstoneRoot\data\ASPIRE_forDistro\1 Downlooking\RGB\image_2931072476.png,3.5012,5.5286
D:\capstoneRoot\data\ASPIRE_forDistro\1 Downlooking\RGB\image_2931080913.png,3.50902,11.9766
D:\capstoneRoot\data\ASPIRE_forDistro\1 Downlooking\RGB\image_2931079770.png,3.520931,11.1236
D:\capstoneRoot\data\ASPIRE_forDistro\1 Downlooking\RGB\image_2931070240.png,3.5252,3.7776
D:\capstoneRoot\data\ASPIRE_forDistro\1 Downlooking\RGB\image_2931083650.png,3.5392,14.0586
D:\capstoneRoot\data\ASPIRE_forDistro\1 Downlooking\RGB\image_2931080942.png,3.5502,12.0256
D:\capstoneRoot\data\ASPIRE_forDistro\1 Downlooking\RGB\image_2931077265.png,3.5562,9.1746
D:\capstoneRoot\data\ASPIRE_forDistro\1 Downlooking\RGB\image_2931079219.png,3.5682,10.6726
D:\capstoneRoot\data\ASPIRE_forDistro\1 Downlooking\RGB\image_2931080812.png,3.5682,11.9266
D:\capstoneRoot\data\ASPIRE_forDistro\1 Downlooking\RGB\image_2931077395.png,3.5722,9.2756
D:\capstoneRoot\data\ASPIRE_forDistro\1 Downlooking\RGB\image_2931070110.png,3.5762,3.6746
D:\capstoneRoot\data\ASPIRE_forDistro\1 Downlooking\RGB\image_2931078176.png,3.5892,9.8736
D:\capstoneRoot\data\ASPIRE_forDistro\1 Downlooking\RGB\image_2931083549.png,3.6012,14.0096
D:\capstoneRoot\data\ASPIRE_forDistro\1 Downlooking\RGB\image_2931077525.png,3.6052,9.3776
D:\capstoneRoot\data\ASPIRE_forDistro\1 Downlooking\RGB\image_2931079610.png,3.6092,10.9736
D:\capstoneRoot\data\ASPIRE_forDistro\1 Downlooking\RGB\image_2931083519.png,3.6192,13.9576
D:\capstoneRoot\data\ASPIRE_forDistro\1 Downlooking\RGB\image_2931078828.png,3.6222,10.3756
D:\capstoneRoot\data\ASPIRE_forDistro\1 Downlooking\RGB\image_2931080682.png,3.62277,11.8246
D:\capstoneRoot\data\ASPIRE_forDistro\1 Downlooking\RGB\image_2931069980.png,3.6242,3.5776
D:\capstoneRoot\data\ASPIRE_forDistro\1 Downlooking\RGB\image_2931083780.png,3.6262,14.1576
D:\capstoneRoot\data\ASPIRE_forDistro\1 Downlooking\RGB\image_2931069880.png,3.651547,3.5266
D:\capstoneRoot\data\ASPIRE_forDistro\1 Downlooking\RGB\image_2931077655.png,3.6522,9.4746
D:\capstoneRoot\data\ASPIRE_forDistro\1 Downlooking\RGB\image_2931083810.png,3.6522,14.2126
D:\capstoneRoot\data\ASPIRE_forDistro\1 Downlooking\RGB\image_2931079349.png,3.652735,10.7726
D:\capstoneRoot\data\ASPIRE_forDistro\1 Downlooking\RGB\image_2931080552.png,3.655302,11.7246
D:\capstoneRoot\data\ASPIRE_forDistro\1 Downlooking\RGB\image_2931078306.png,3.6602,9.9786
D:\capstoneRoot\data\ASPIRE_forDistro\1 Downlooking\RGB\image_2931076614.png,3.6642,8.6746
D:\capstoneRoot\data\ASPIRE_forDistro\1 Downlooking\RGB\image_2931069850.png,3.6672,3.4716
D:\capstoneRoot\data\ASPIRE_forDistro\1 Downlooking\RGB\image_2931076744.png,3.670313,8.7736
D:\capstoneRoot\data\ASPIRE_forDistro\1 Downlooking\RGB\image_2931082997.png,3.6852,13.5726
D:\capstoneRoot\data\ASPIRE_forDistro\1 Downlooking\RGB\image_2931079249.png,3.700862,10.7296
D:\capstoneRoot\data\ASPIRE_forDistro\1 Downlooking\RGB\image_2931076874.png,3.712834,8.8716
D:\capstoneRoot\data\ASPIRE_forDistro\1 Downlooking\RGB\image_2931069720.png,3.7192,3.3736
D:\capstoneRoot\data\ASPIRE_forDistro\1 Downlooking\RGB\image_2931078206.png,3.7202,9.9266
D:\capstoneRoot\data\ASPIRE_forDistro\1 Downlooking\RGB\image_2931070010.png,3.729892,3.6226
D:\capstoneRoot\data\ASPIRE_forDistro\1 Downlooking\RGB\image_2931078858.png,3.7342,10.4236
D:\capstoneRoot\data\ASPIRE_forDistro\1 Downlooking\RGB\image_2931077785.png,3.7352,9.5766
D:\capstoneRoot\data\ASPIRE_forDistro\1 Downlooking\RGB\image_2931083388.png,3.7372,13.8586
D:\capstoneRoot\data\ASPIRE_forDistro\1 Downlooking\RGB\image_2931077004.png,3.7452,8.9746
D:\capstoneRoot\data\ASPIRE_forDistro\1 Downlooking\RGB\image_2931079088.png,3.747054,10.5726
D:\capstoneRoot\data\ASPIRE_forDistro\1 Downlooking\RGB\image_2931077134.png,3.7552,9.0746
D:\capstoneRoot\data\ASPIRE_forDistro\1 Downlooking\RGB\image_2931083419.png,3.7582,13.9116
D:\capstoneRoot\data\ASPIRE_forDistro\1 Downlooking\RGB\image_2931077915.png,3.7592,9.6746
D:\capstoneRoot\data\ASPIRE_forDistro\1 Downlooking\RGB\image_2931079479.png,3.766155,10.8686
D:\capstoneRoot\data\ASPIRE_forDistro\1 Downlooking\RGB\image_2931078045.png,3.7682,9.7746
D:\capstoneRoot\data\ASPIRE_forDistro\1 Downlooking\RGB\image_2931079510.png,3.768697,10.9256
D:\capstoneRoot\data\ASPIRE_forDistro\1 Downlooking\RGB\image_2931077425.png,3.7712,9.3236
D:\capstoneRoot\data\ASPIRE_forDistro\1 Downlooking\RGB\image_2931070140.png,3.7732,3.7246
D:\capstoneRoot\data\ASPIRE_forDistro\1 Downlooking\RGB\image_2931078598.png,3.7762,10.2246
D:\capstoneRoot\data\ASPIRE_forDistro\1 Downlooking\RGB\image_2931083127.png,3.7852,13.6726
D:\capstoneRoot\data\ASPIRE_forDistro\1 Downlooking\RGB\image_2931079119.png,3.7892,10.6296
D:\capstoneRoot\data\ASPIRE_forDistro\1 Downlooking\RGB\image_2931077165.png,3.8062,9.1246
D:\capstoneRoot\data\ASPIRE_forDistro\1 Downlooking\RGB\image_2931069621.png,3.811334,3.3236
D:\capstoneRoot\data\ASPIRE_forDistro\1 Downlooking\RGB\image_2931083257.png,3.8212,13.7566
D:\capstoneRoot\data\ASPIRE_forDistro\1 Downlooking\RGB\image_2931077816.png,3.8322,9.6246
D:\capstoneRoot\data\ASPIRE_forDistro\1 Downlooking\RGB\image_2931083028.png,3.8372,13.6246
D:\capstoneRoot\data\ASPIRE_forDistro\1 Downlooking\RGB\image_2931077035.png,3.8432,9.0236
D:\capstoneRoot\data\ASPIRE_forDistro\1 Downlooking\RGB\image_2931078468.png,3.8442,10.1246
D:\capstoneRoot\data\ASPIRE_forDistro\1 Downlooking\RGB\image_2931076905.png,3.847053,8.9256
D:\capstoneRoot\data\ASPIRE_forDistro\1 Downlooking\RGB\image_2931082866.png,3.8492,13.4736
D:\capstoneRoot\data\ASPIRE_forDistro\1 Downlooking\RGB\image_2931069751.png,3.8572,3.4266
D:\capstoneRoot\data\ASPIRE_forDistro\1 Downlooking\RGB\image_2931078337.png,3.8582,10.0256
D:\capstoneRoot\data\ASPIRE_forDistro\1 Downlooking\RGB\image_2931076775.png,3.881532,8.8246
D:\capstoneRoot\data\ASPIRE_forDistro\1 Downlooking\RGB\image_2931077686.png,3.8832,9.5246
D:\capstoneRoot\data\ASPIRE_forDistro\1 Downlooking\RGB\image_2931079380.png,3.8912,10.8276
D:\capstoneRoot\data\ASPIRE_forDistro\1 Downlooking\RGB\image_2931069460.png,3.8932,3.1756
D:\capstoneRoot\data\ASPIRE_forDistro\1 Downlooking\RGB\image_2931078989.png,3.8932,10.5246
D:\capstoneRoot\data\ASPIRE_forDistro\1 Downlooking\RGB\image_2931076515.png,3.9052,8.6266
D:\capstoneRoot\data\ASPIRE_forDistro\1 Downlooking\RGB\image_2931083289.png,3.9212,13.8076
D:\capstoneRoot\data\ASPIRE_forDistro\1 Downlooking\RGB\image_2931076483.png,3.9332,8.5756
D:\capstoneRoot\data\ASPIRE_forDistro\1 Downlooking\RGB\image_2931082475.png,3.9422,13.1766
D:\capstoneRoot\data\ASPIRE_forDistro\1 Downlooking\RGB\image_2931076092.png,3.974128,8.2736
D:\capstoneRoot\data\ASPIRE_forDistro\1 Downlooking\RGB\image_2931069330.png,3.9872,3.0796
D:\capstoneRoot\data\ASPIRE_forDistro\1 Downlooking\RGB\image_2931082605.png,3.9902,13.2736
D:\capstoneRoot\data\ASPIRE_forDistro\1 Downlooking\RGB\image_2931076222.png,4.0162,8.3646
D:\capstoneRoot\data\ASPIRE_forDistro\1 Downlooking\RGB\image_2931082768.png,4.029967,13.4216
D:\capstoneRoot\data\ASPIRE_forDistro\1 Downlooking\RGB\image_2931069233.png,4.0612,3.0266
D:\capstoneRoot\data\ASPIRE_forDistro\1 Downlooking\RGB\image_2931082344.png,4.0852,13.0736
D:\capstoneRoot\data\ASPIRE_forDistro\1 Downlooking\RGB\image_2931076125.png,4.1242,8.3236
D:\capstoneRoot\data\ASPIRE_forDistro\1 Downlooking\RGB\image_2931069363.png,4.143681,3.1266
D:\capstoneRoot\data\ASPIRE_forDistro\1 Downlooking\RGB\image_2931075831.png,4.1472,8.0756
D:\capstoneRoot\data\ASPIRE_forDistro\1 Downlooking\RGB\image_2931082508.png,4.1572,13.2256
D:\capstoneRoot\data\ASPIRE_forDistro\1 Downlooking\RGB\image_2931075701.png,4.159727,7.974804
D:\capstoneRoot\data\ASPIRE_forDistro\1 Downlooking\RGB\image_2931069070.png,4.173807,2.8766
D:\capstoneRoot\data\ASPIRE_forDistro\1 Downlooking\RGB\image_2931076386.png,4.1822,8.5226
D:\capstoneRoot\data\ASPIRE_forDistro\1 Downlooking\RGB\image_2931082378.png,4.2092,13.1256
D:\capstoneRoot\data\ASPIRE_forDistro\1 Downlooking\RGB\image_2931075605.png,4.2132,7.9256
D:\capstoneRoot\data\ASPIRE_forDistro\1 Downlooking\RGB\image_2931069104.png,4.2252,2.9236
D:\capstoneRoot\data\ASPIRE_forDistro\1 Downlooking\RGB\image_2931075865.png,4.225589,8.1276
D:\capstoneRoot\data\ASPIRE_forDistro\1 Downlooking\RGB\image_2931082248.png,4.2912,13.0226
D:\capstoneRoot\data\ASPIRE_forDistro\1 Downlooking\RGB\image_2931075475.png,4.3292,7.8236
D:\capstoneRoot\data\ASPIRE_forDistro\1 Downlooking\RGB\image_2931068940.png,4.336856,2.7746
D:\capstoneRoot\data\ASPIRE_forDistro\1 Downlooking\RGB\image_2931082213.png,4.341484,12.9746
D:\capstoneRoot\data\ASPIRE_forDistro\1 Downlooking\RGB\image_2931068975.png,4.3452,2.8266
D:\capstoneRoot\data\ASPIRE_forDistro\1 Downlooking\RGB\image_2931075345.png,4.3612,7.7296
D:\capstoneRoot\data\ASPIRE_forDistro\1 Downlooking\RGB\image_2931068681.png,4.3792,2.5776
D:\capstoneRoot\data\ASPIRE_forDistro\1 Downlooking\RGB\image_2931075215.png,4.4092,7.6296
D:\capstoneRoot\data\ASPIRE_forDistro\1 Downlooking\RGB\image_2931068846.png,4.4462,2.7256
D:\capstoneRoot\data\ASPIRE_forDistro\1 Downlooking\RGB\image_2931075179.png,4.4602,7.5766
D:\capstoneRoot\data\ASPIRE_forDistro\1 Downlooking\RGB\image_2931068810.png,4.4792,2.6756
D:\capstoneRoot\data\ASPIRE_forDistro\1 Downlooking\RGB\image_2931082082.png,4.5082,12.8746
D:\capstoneRoot\data\ASPIRE_forDistro\1 Downlooking\RGB\image_2931068551.png,4.5472,2.4826
D:\capstoneRoot\data\ASPIRE_forDistro\1 Downlooking\RGB\image_2931082119.png,4.5752,12.9256
D:\capstoneRoot\data\ASPIRE_forDistro\1 Downlooking\RGB\image_2931074394.png,4.6292,6.9806
D:\capstoneRoot\data\ASPIRE_forDistro\1 Downlooking\RGB\image_2931081989.png,4.673673,12.8256
D:\capstoneRoot\data\ASPIRE_forDistro\1 Downlooking\RGB\image_2931068421.png,4.675294,2.3796
D:\capstoneRoot\data\ASPIRE_forDistro\1 Downlooking\RGB\image_2931075086.png,4.692755,7.5286
D:\capstoneRoot\data\ASPIRE_forDistro\1 Downlooking\RGB\image_2931068588.png,4.6972,2.5206
D:\capstoneRoot\data\ASPIRE_forDistro\1 Downlooking\RGB\image_2931074432.png,4.7632,7.0256
D:\capstoneRoot\data\ASPIRE_forDistro\1 Downlooking\RGB\image_2931081690.png,4.7772,12.5746
D:\capstoneRoot\data\ASPIRE_forDistro\1 Downlooking\RGB\image_2931074562.png,4.790617,7.1236
D:\capstoneRoot\data\ASPIRE_forDistro\1 Downlooking\RGB\image_2931068459.png,4.7932,2.4226
D:\capstoneRoot\data\ASPIRE_forDistro\1 Downlooking\RGB\image_2931074692.png,4.795117,7.2276
D:\capstoneRoot\data\ASPIRE_forDistro\1 Downlooking\RGB\image_2931068291.png,4.820591,2.2776
D:\capstoneRoot\data\ASPIRE_forDistro\1 Downlooking\RGB\image_2931081729.png,4.8272,12.6246
D:\capstoneRoot\data\ASPIRE_forDistro\1 Downlooking\RGB\image_2931074263.png,4.8692,6.8786
D:\capstoneRoot\data\ASPIRE_forDistro\1 Downlooking\RGB\image_2931068330.png,4.878387,2.3286
D:\capstoneRoot\data\ASPIRE_forDistro\1 Downlooking\RGB\image_2931081559.png,4.8982,12.4706
D:\capstoneRoot\data\ASPIRE_forDistro\1 Downlooking\RGB\image_2931068032.png,4.9352,2.0806
D:\capstoneRoot\data\ASPIRE_forDistro\1 Downlooking\RGB\image_2931081599.png,4.9582,12.5216
D:\capstoneRoot\data\ASPIRE_forDistro\1 Downlooking\RGB\image_2931068201.png,4.9892,2.2246
D:\capstoneRoot\data\ASPIRE_forDistro\1 Downlooking\RGB\image_2931074002.png,5.0082,6.6786
D:\capstoneRoot\data\ASPIRE_forDistro\1 Downlooking\RGB\image_2931081428.png,5.02835,12.3706
D:\capstoneRoot\data\ASPIRE_forDistro\1 Downlooking\RGB\image_2931068072.png,5.056045,2.1246
D:\capstoneRoot\data\ASPIRE_forDistro\1 Downlooking\RGB\image_2931074173.png,5.062476,6.8266
D:\capstoneRoot\data\ASPIRE_forDistro\1 Downlooking\RGB\image_2931067902.png,5.069013,1.9736
D:\capstoneRoot\data\ASPIRE_forDistro\1 Downlooking\RGB\image_2931081469.png,5.0702,12.4196
D:\capstoneRoot\data\ASPIRE_forDistro\1 Downlooking\RGB\image_2931074132.png,5.0902,6.7766
D:\capstoneRoot\data\ASPIRE_forDistro\1 Downlooking\RGB\image_2931067943.png,5.1592,2.0276
D:\capstoneRoot\data\ASPIRE_forDistro\1 Downlooking\RGB\image_2931081339.png,5.1802,12.3236
D:\capstoneRoot\data\ASPIRE_forDistro\1 Downlooking\RGB\image_2931070752.png,5.1812,4.1786
D:\capstoneRoot\data\ASPIRE_forDistro\1 Downlooking\RGB\image_2931073871.png,5.1922,6.5796
D:\capstoneRoot\data\ASPIRE_forDistro\1 Downlooking\RGB\image_2931079995.png,5.2292,11.2756
D:\capstoneRoot\data\ASPIRE_forDistro\1 Downlooking\RGB\image_2931081297.png,5.2342,12.2736
D:\capstoneRoot\data\ASPIRE_forDistro\1 Downlooking\RGB\image_2931067814.png,5.255964,1.9256
D:\capstoneRoot\data\ASPIRE_forDistro\1 Downlooking\RGB\image_2931073783.png,5.2602,6.5266
D:\capstoneRoot\data\ASPIRE_forDistro\1 Downlooking\RGB\image_2931071011.png,5.260288,4.3756
D:\capstoneRoot\data\ASPIRE_forDistro\1 Downlooking\RGB\image_2931073220.png,5.2682,6.0786
D:\capstoneRoot\data\ASPIRE_forDistro\1 Downlooking\RGB\image_2931080125.png,5.272865,11.3716
D:\capstoneRoot\data\ASPIRE_forDistro\1 Downlooking\RGB\image_2931070622.png,5.2782,4.0756
D:\capstoneRoot\data\ASPIRE_forDistro\1 Downlooking\RGB\image_2931073480.png,5.2882,6.2766
D:\capstoneRoot\data\ASPIRE_forDistro\1 Downlooking\RGB\image_2931067765.png,5.289017,1.8756
D:\capstoneRoot\data\ASPIRE_forDistro\1 Downlooking\RGB\image_2931070881.png,5.3052,4.2716
D:\capstoneRoot\data\ASPIRE_forDistro\1 Downlooking\RGB\image_2931073610.png,5.310959,6.3766
D:\capstoneRoot\data\ASPIRE_forDistro\1 Downlooking\RGB\image_2931072830.png,5.3202,5.7746
D:\capstoneRoot\data\ASPIRE_forDistro\1 Downlooking\RGB\image_2931073653.png,5.3282,6.4226
D:\capstoneRoot\data\ASPIRE_forDistro\1 Downlooking\RGB\image_2931072960.png,5.3382,5.8806
D:\capstoneRoot\data\ASPIRE_forDistro\1 Downlooking\RGB\image_2931070492.png,5.3542,3.9776
D:\capstoneRoot\data\ASPIRE_forDistro\1 Downlooking\RGB\image_2931080255.png,5.3592,11.4696
D:\capstoneRoot\data\ASPIRE_forDistro\1 Downlooking\RGB\image_2931072873.png,5.3602,5.8276
D:\capstoneRoot\data\ASPIRE_forDistro\1 Downlooking\RGB\image_2931081036.png,5.3642,12.0766
D:\capstoneRoot\data\ASPIRE_forDistro\1 Downlooking\RGB\image_2931070535.png,5.365739,4.0256
D:\capstoneRoot\data\ASPIRE_forDistro\1 Downlooking\RGB\image_2931072440.png,5.368824,5.477813
D:\capstoneRoot\data\ASPIRE_forDistro\1 Downlooking\RGB\image_2931070924.png,5.3732,4.3286
D:\capstoneRoot\data\ASPIRE_forDistro\1 Downlooking\RGB\image_2931080168.png,5.3792,11.4226
D:\capstoneRoot\data\ASPIRE_forDistro\1 Downlooking\RGB\image_2931072310.png,5.3852,5.3746
D:\capstoneRoot\data\ASPIRE_forDistro\1 Downlooking\RGB\image_2931073263.png,5.388809,6.1236
D:\capstoneRoot\data\ASPIRE_forDistro\1 Downlooking\RGB\image_2931071270.png,5.3962,4.5786
D:\capstoneRoot\data\ASPIRE_forDistro\1 Downlooking\RGB\image_2931072180.png,5.4002,5.2766
D:\capstoneRoot\data\ASPIRE_forDistro\1 Downlooking\RGB\image_2931081166.png,5.4062,12.1756
D:\capstoneRoot\data\ASPIRE_forDistro\1 Downlooking\RGB\image_2931080385.png,5.4072,11.5706
D:\capstoneRoot\data\ASPIRE_forDistro\1 Downlooking\RGB\image_2931071790.png,5.4182,4.9756
D:\capstoneRoot\data\ASPIRE_forDistro\1 Downlooking\RGB\image_2931070665.png,5.422156,4.127774
D:\capstoneRoot\data\ASPIRE_forDistro\1 Downlooking\RGB\image_2931079908.png,5.434886,11.2266
D:\capstoneRoot\data\ASPIRE_forDistro\1 Downlooking\RGB\image_2931071054.png,5.4492,4.4296
D:\capstoneRoot\data\ASPIRE_forDistro\1 Downlooking\RGB\image_2931071920.png,5.4492,5.0776
D:\capstoneRoot\data\ASPIRE_forDistro\1 Downlooking\RGB\image_2931070362.png,5.4722,3.8776
D:\capstoneRoot\data\ASPIRE_forDistro\1 Downlooking\RGB\image_2931071964.png,5.4722,5.1276
D:\capstoneRoot\data\ASPIRE_forDistro\1 Downlooking\RGB\image_2931080429.png,5.4782,11.6256
D:\capstoneRoot\data\ASPIRE_forDistro\1 Downlooking\RGB\image_2931071834.png,5.4822,5.0276
D:\capstoneRoot\data\ASPIRE_forDistro\1 Downlooking\RGB\image_2931080515.png,5.4862,11.6716
D:\capstoneRoot\data\ASPIRE_forDistro\1 Downlooking\RGB\image_2931070406.png,5.5042,3.9276
D:\capstoneRoot\data\ASPIRE_forDistro\1 Downlooking\RGB\image_2931081210.png,5.5072,12.2206
D:\capstoneRoot\data\ASPIRE_forDistro\1 Downlooking\RGB\image_2931071184.png,5.512911,4.526289
D:\capstoneRoot\data\ASPIRE_forDistro\1 Downlooking\RGB\image_2931080299.png,5.5282,11.5246
D:\capstoneRoot\data\ASPIRE_forDistro\1 Downlooking\RGB\image_2931067679.png,5.542903,1.8276
D:\capstoneRoot\data\ASPIRE_forDistro\1 Downlooking\RGB\image_2931072224.png,5.5482,5.3236
D:\capstoneRoot\data\ASPIRE_forDistro\1 Downlooking\RGB\image_2931079733.png,5.5482,11.0716
D:\capstoneRoot\data\ASPIRE_forDistro\1 Downlooking\RGB\image_2931072354.png,5.548939,5.4266
D:\capstoneRoot\data\ASPIRE_forDistro\1 Downlooking\RGB\image_2931071314.png,5.5502,4.6206
D:\capstoneRoot\data\ASPIRE_forDistro\1 Downlooking\RGB\image_2931081080.png,5.5602,12.1256
D:\capstoneRoot\data\ASPIRE_forDistro\1 Downlooking\RGB\image_2931072484.png,5.563448,5.5276
D:\capstoneRoot\data\ASPIRE_forDistro\1 Downlooking\RGB\image_2931080905.png,5.5752,11.9766
D:\capstoneRoot\data\ASPIRE_forDistro\1 Downlooking\RGB\image_2931079778.png,5.5782,11.1236
D:\capstoneRoot\data\ASPIRE_forDistro\1 Downlooking\RGB\image_2931083642.png,5.5882,14.0586
D:\capstoneRoot\data\ASPIRE_forDistro\1 Downlooking\RGB\image_2931070232.png,5.588516,3.7776
D:\capstoneRoot\data\ASPIRE_forDistro\1 Downlooking\RGB\image_2931080950.png,5.6122,12.0256
D:\capstoneRoot\data\ASPIRE_forDistro\1 Downlooking\RGB\image_2931077257.png,5.614961,9.175115
D:\capstoneRoot\data\ASPIRE_forDistro\1 Downlooking\RGB\image_2931070102.png,5.6302,3.6746
D:\capstoneRoot\data\ASPIRE_forDistro\1 Downlooking\RGB\image_2931080820.png,5.6302,11.9266
D:\capstoneRoot\data\ASPIRE_forDistro\1 Downlooking\RGB\image_2931079211.png,5.6362,10.6726
D:\capstoneRoot\data\ASPIRE_forDistro\1 Downlooking\RGB\image_2931077387.png,5.6382,9.2756
D:\capstoneRoot\data\ASPIRE_forDistro\1 Downlooking\RGB\image_2931070277.png,5.648918,3.8306
D:\capstoneRoot\data\ASPIRE_forDistro\1 Downlooking\RGB\image_2931078168.png,5.6572,9.8736
D:\capstoneRoot\data\ASPIRE_forDistro\1 Downlooking\RGB\image_2931083557.png,5.6602,14.0086
D:\capstoneRoot\data\ASPIRE_forDistro\1 Downlooking\RGB\image_2931078690.png,5.6632,10.2766
D:\capstoneRoot\data\ASPIRE_forDistro\1 Downlooking\RGB\image_2931077517.png,5.6732,9.3776
D:\capstoneRoot\data\ASPIRE_forDistro\1 Downlooking\RGB\image_2931079602.png,5.6762,10.9736
D:\capstoneRoot\data\ASPIRE_forDistro\1 Downlooking\RGB\image_2931083511.png,5.678934,13.9576
D:\capstoneRoot\data\ASPIRE_forDistro\1 Downlooking\RGB\image_2931080690.png,5.6802,11.8246
D:\capstoneRoot\data\ASPIRE_forDistro\1 Downlooking\RGB\image_2931083772.png,5.685453,14.1576
D:\capstoneRoot\data\ASPIRE_forDistro\1 Downlooking\RGB\image_2931078820.png,5.6892,10.3756
D:\capstoneRoot\data\ASPIRE_forDistro\1 Downlooking\RGB\image_2931069972.png,5.7006,3.5786
D:\capstoneRoot\data\ASPIRE_forDistro\1 Downlooking\RGB\image_2931079648.png,5.701008,11.0256
D:\capstoneRoot\data\ASPIRE_forDistro\1 Downlooking\RGB\image_2931080560.png,5.7012,11.7236
D:\capstoneRoot\data\ASPIRE_forDistro\1 Downlooking\RGB\image_2931069888.png,5.70747,3.5256
D:\capstoneRoot\data\ASPIRE_forDistro\1 Downlooking\RGB\image_2931083818.png,5.7122,14.2116
D:\capstoneRoot\data\ASPIRE_forDistro\1 Downlooking\RGB\image_2931079341.png,5.7132,10.7726
D:\capstoneRoot\data\ASPIRE_forDistro\1 Downlooking\RGB\image_2931077647.png,5.7212,9.4746
D:\capstoneRoot\data\ASPIRE_forDistro\1 Downlooking\RGB\image_2931078298.png,5.7272,9.9786
D:\capstoneRoot\data\ASPIRE_forDistro\1 Downlooking\RGB\image_2931076606.png,5.733274,8.6746
D:\capstoneRoot\data\ASPIRE_forDistro\1 Downlooking\RGB\image_2931069842.png,5.7392,3.4716
D:\capstoneRoot\data\ASPIRE_forDistro\1 Downlooking\RGB\image_2931076736.png,5.745867,8.7736
D:\capstoneRoot\data\ASPIRE_forDistro\1 Downlooking\RGB\image_2931082989.png,5.7492,13.5726
D:\capstoneRoot\data\ASPIRE_forDistro\1 Downlooking\RGB\image_2931079257.png,5.757818,10.7296
D:\capstoneRoot\data\ASPIRE_forDistro\1 Downlooking\RGB\image_2931078214.png,5.774595,9.9266
D:\capstoneRoot\data\ASPIRE_forDistro\1 Downlooking\RGB\image_2931076866.png,5.7832,8.8716
D:\capstoneRoot\data\ASPIRE_forDistro\1 Downlooking\RGB\image_2931069712.png,5.7912,3.3736
D:\capstoneRoot\data\ASPIRE_forDistro\1 Downlooking\RGB\image_2931083688.png,5.7952,14.1116
D:\capstoneRoot\data\ASPIRE_forDistro\1 Downlooking\RGB\image_2931077563.png,5.8042,9.4166
D:\capstoneRoot\data\ASPIRE_forDistro\1 Downlooking\RGB\image_2931079080.png,5.8122,10.5726
D:\capstoneRoot\data\ASPIRE_forDistro\1 Downlooking\RGB\image_2931083427.png,5.8142,13.9116
D:\capstoneRoot\data\ASPIRE_forDistro\1 Downlooking\RGB\image_2931076996.png,5.8152,8.9746
D:\capstoneRoot\data\ASPIRE_forDistro\1 Downlooking\RGB\image_2931079518.png,5.827398,10.924765
D:\capstoneRoot\data\ASPIRE_forDistro\1 Downlooking\RGB\image_2931078428.png,5.8282,10.0746
D:\capstoneRoot\data\ASPIRE_forDistro\1 Downlooking\RGB\image_2931077433.png,5.8302,9.3236
D:\capstoneRoot\data\ASPIRE_forDistro\1 Downlooking\RGB\image_2931078606.png,5.8312,10.2236
D:\capstoneRoot\data\ASPIRE_forDistro\1 Downlooking\RGB\image_2931077907.png,5.831758,9.6746
D:\capstoneRoot\data\ASPIRE_forDistro\1 Downlooking\RGB\image_2931079471.png,5.836037,10.8686
D:\capstoneRoot\data\ASPIRE_forDistro\1 Downlooking\RGB\image_2931070148.png,5.8362,3.7246
D:\capstoneRoot\data\ASPIRE_forDistro\1 Downlooking\RGB\image_2931078084.png,5.8382,9.8226
D:\capstoneRoot\data\ASPIRE_forDistro\1 Downlooking\RGB\image_2931079127.png,5.845047,10.62861
D:\capstoneRoot\data\ASPIRE_forDistro\1 Downlooking\RGB\image_2931069582.png,5.8472,3.2736
D:\capstoneRoot\data\ASPIRE_forDistro\1 Downlooking\RGB\image_2931083119.png,5.8502,13.6736
D:\capstoneRoot\data\ASPIRE_forDistro\1 Downlooking\RGB\image_2931077173.png,5.8662,9.1236
D:\capstoneRoot\data\ASPIRE_forDistro\1 Downlooking\RGB\image_2931069629.png,5.8742,3.3236
D:\capstoneRoot\data\ASPIRE_forDistro\1 Downlooking\RGB\image_2931083249.png,5.8862,13.7566
D:\capstoneRoot\data\ASPIRE_forDistro\1 Downlooking\RGB\image_2931077824.png,5.8912,9.6246
D:\capstoneRoot\data\ASPIRE_forDistro\1 Downlooking\RGB\image_2931083036.png,5.8942,13.6236
D:\capstoneRoot\data\ASPIRE_forDistro\1 Downlooking\RGB\image_2931076913.png,5.901309,8.9256
D:\capstoneRoot\data\ASPIRE_forDistro\1 Downlooking\RGB\image_2931078476.png,5.9022,10.1236
D:\capstoneRoot\data\ASPIRE_forDistro\1 Downlooking\RGB\image_2931077043.png,5.9032,9.0226
D:\capstoneRoot\data\ASPIRE_forDistro\1 Downlooking\RGB\image_2931082858.png,5.9142,13.4736
D:\capstoneRoot\data\ASPIRE_forDistro\1 Downlooking\RGB\image_2931078345.png,5.914747,10.0256
D:\capstoneRoot\data\ASPIRE_forDistro\1 Downlooking\RGB\image_2931069759.png,5.9222,3.4266
D:\capstoneRoot\data\ASPIRE_forDistro\1 Downlooking\RGB\image_2931076783.png,5.938416,8.8246
D:\capstoneRoot\data\ASPIRE_forDistro\1 Downlooking\RGB\image_2931077694.png,5.9402,9.5246
D:\capstoneRoot\data\ASPIRE_forDistro\1 Downlooking\RGB\image_2931079388.png,5.9462,10.8276
D:\capstoneRoot\data\ASPIRE_forDistro\1 Downlooking\RGB\image_2931076653.png,5.962201,8.7286
D:\capstoneRoot\data\ASPIRE_forDistro\1 Downlooking\RGB\image_2931069452.png,5.9652,3.1746
D:\capstoneRoot\data\ASPIRE_forDistro\1 Downlooking\RGB\image_2931076523.png,5.9652,8.6276
D:\capstoneRoot\data\ASPIRE_forDistro\1 Downlooking\RGB\image_2931083297.png,5.9772,13.8076
D:\capstoneRoot\data\ASPIRE_forDistro\1 Downlooking\RGB\image_2931076475.png,5.998964,8.5756
D:\capstoneRoot\data\ASPIRE_forDistro\1 Downlooking\RGB\image_2931082467.png,6.0122,13.1766
D:\capstoneRoot\data\ASPIRE_forDistro\1 Downlooking\RGB\image_2931069500.png,6.036407,3.2286
D:\capstoneRoot\data\ASPIRE_forDistro\1 Downlooking\RGB\image_2931076084.png,6.046385,8.2736
D:\capstoneRoot\data\ASPIRE_forDistro\1 Downlooking\RGB\image_2931082597.png,6.0592,13.2736
D:\capstoneRoot\data\ASPIRE_forDistro\1 Downlooking\RGB\image_2931069322.png,6.059687,3.0796
D:\capstoneRoot\data\ASPIRE_forDistro\1 Downlooking\RGB\image_2931083167.png,6.068792,13.7256
D:\capstoneRoot\data\ASPIRE_forDistro\1 Downlooking\RGB\image_2931076214.png,6.079575,8.3656
D:\capstoneRoot\data\ASPIRE_forDistro\1 Downlooking\RGB\image_2931082776.png,6.083815,13.4216
D:\capstoneRoot\data\ASPIRE_forDistro\1 Downlooking\RGB\image_2931069241.png,6.1222,3.0256
D:\capstoneRoot\data\ASPIRE_forDistro\1 Downlooking\RGB\image_2931082646.png,6.148058,13.3236
D:\capstoneRoot\data\ASPIRE_forDistro\1 Downlooking\RGB\image_2931069192.png,6.15108,2.9766
D:\capstoneRoot\data\ASPIRE_forDistro\1 Downlooking\RGB\image_2931082336.png,6.156206,13.0736
D:\capstoneRoot\data\ASPIRE_forDistro\1 Downlooking\RGB\image_2931076133.png,6.1802,8.3236
D:\capstoneRoot\data\ASPIRE_forDistro\1 Downlooking\RGB\image_2931069371.png,6.2052,3.1276
D:\capstoneRoot\data\ASPIRE_forDistro\1 Downlooking\RGB\image_2931076003.png,6.206151,8.2266
D:\capstoneRoot\data\ASPIRE_forDistro\1 Downlooking\RGB\image_2931082516.png,6.2122,13.2256
D:\capstoneRoot\data\ASPIRE_forDistro\1 Downlooking\RGB\image_2931075953.png,6.212417,8.1656
D:\capstoneRoot\data\ASPIRE_forDistro\1 Downlooking\RGB\image_2931069062.png,6.2322,2.8766
D:\capstoneRoot\data\ASPIRE_forDistro\1 Downlooking\RGB\image_2931076394.png,6.2392,8.5226
D:\capstoneRoot\data\ASPIRE_forDistro\1 Downlooking\RGB\image_2931075613.png,6.265372,7.9266
D:\capstoneRoot\data\ASPIRE_forDistro\1 Downlooking\RGB\image_2931082386.png,6.2662,13.1256
D:\capstoneRoot\data\ASPIRE_forDistro\1 Downlooking\RGB\image_2931075743.png,6.270526,8.026737
D:\capstoneRoot\data\ASPIRE_forDistro\1 Downlooking\RGB\image_2931069112.png,6.278646,2.9236
D:\capstoneRoot\data\ASPIRE_forDistro\1 Downlooking\RGB\image_2931075302.png,6.296435,7.6746
D:\capstoneRoot\data\ASPIRE_forDistro\1 Downlooking\RGB\image_2931076264.png,6.311628,8.4216
D:\capstoneRoot\data\ASPIRE_forDistro\1 Downlooking\RGB\image_2931075432.png,6.3212,7.7686
D:\capstoneRoot\data\ASPIRE_forDistro\1 Downlooking\RGB\image_2931082256.png,6.3462,13.0226
D:\capstoneRoot\data\ASPIRE_forDistro\1 Downlooking\RGB\image_2931075483.png,6.3782,7.8236
D:\capstoneRoot\data\ASPIRE_forDistro\1 Downlooking\RGB\image_2931068932.png,6.4012,2.7746
D:\capstoneRoot\data\ASPIRE_forDistro\1 Downlooking\RGB\image_2931082205.png,6.404626,12.9746
D:\capstoneRoot\data\ASPIRE_forDistro\1 Downlooking\RGB\image_2931075353.png,6.4152,7.7296
D:\capstoneRoot\data\ASPIRE_forDistro\1 Downlooking\RGB\image_2931068673.png,6.451245,2.5776
D:\capstoneRoot\data\ASPIRE_forDistro\1 Downlooking\RGB\image_2931075223.png,6.4582,7.6296
D:\capstoneRoot\data\ASPIRE_forDistro\1 Downlooking\RGB\image_2931068854.png,6.49661,2.7256
D:\capstoneRoot\data\ASPIRE_forDistro\1 Downlooking\RGB\image_2931075171.png,6.527763,7.5766
D:\capstoneRoot\data\ASPIRE_forDistro\1 Downlooking\RGB\image_2931068802.png,6.5522,2.6756
D:\capstoneRoot\data\ASPIRE_forDistro\1 Downlooking\RGB\image_2931082074.png,6.5782,12.8746
D:\capstoneRoot\data\ASPIRE_forDistro\1 Downlooking\RGB\image_2931068543.png,6.614247,2.4826
D:\capstoneRoot\data\ASPIRE_forDistro\1 Downlooking\RGB\image_2931082127.png,6.640296,12.9256
D:\capstoneRoot\data\ASPIRE_forDistro\1 Downlooking\RGB\image_2931074386.png,6.7012,6.9806
D:\capstoneRoot\data\ASPIRE_forDistro\1 Downlooking\RGB\image_2931081997.png,6.721454,12.8256
D:\capstoneRoot\data\ASPIRE_forDistro\1 Downlooking\RGB\image_2931074906.png,6.7342,7.3776
D:\capstoneRoot\data\ASPIRE_forDistro\1 Downlooking\RGB\image_2931068413.png,6.74182,2.3796
D:\capstoneRoot\data\ASPIRE_forDistro\1 Downlooking\RGB\image_2931081943.png,6.7462,12.7736
D:\capstoneRoot\data\ASPIRE_forDistro\1 Downlooking\RGB\image_2931068596.png,6.7572,2.5206
D:\capstoneRoot\data\ASPIRE_forDistro\1 Downlooking\RGB\image_2931074440.png,6.8202,7.0256
D:\capstoneRoot\data\ASPIRE_forDistro\1 Downlooking\RGB\image_2931081867.png,6.823116,12.7216
D:\capstoneRoot\data\ASPIRE_forDistro\1 Downlooking\RGB\image_2931074700.png,6.847025,7.2276
D:\capstoneRoot\data\ASPIRE_forDistro\1 Downlooking\RGB\image_2931081682.png,6.8492,12.5746
D:\capstoneRoot\data\ASPIRE_forDistro\1 Downlooking\RGB\image_2931074570.png,6.8502,7.1226
D:\capstoneRoot\data\ASPIRE_forDistro\1 Downlooking\RGB\image_2931068467.png,6.8532,2.4226
D:\capstoneRoot\data\ASPIRE_forDistro\1 Downlooking\RGB\image_2931074830.png,6.857008,7.3226
D:\capstoneRoot\data\ASPIRE_forDistro\1 Downlooking\RGB\image_2931081737.png,6.8832,12.6246
D:\capstoneRoot\data\ASPIRE_forDistro\1 Downlooking\RGB\image_2931068283.png,6.8872,2.2776
D:\capstoneRoot\data\ASPIRE_forDistro\1 Downlooking\RGB\image_2931074255.png,6.9402,6.8786
D:\capstoneRoot\data\ASPIRE_forDistro\1 Downlooking\RGB\image_2931081551.png,6.9702,12.4706
D:\capstoneRoot\data\ASPIRE_forDistro\1 Downlooking\RGB\image_2931068024.png,7.002274,2.0806
D:\capstoneRoot\data\ASPIRE_forDistro\1 Downlooking\RGB\image_2931081607.png,7.0152,12.5226
D:\capstoneRoot\data\ASPIRE_forDistro\1 Downlooking\RGB\image_2931068209.png,7.0492,2.2256
D:\capstoneRoot\data\ASPIRE_forDistro\1 Downlooking\RGB\image_2931073994.png,7.0782,6.6786
D:\capstoneRoot\data\ASPIRE_forDistro\1 Downlooking\RGB\image_2931081420.png,7.093914,12.3706
D:\capstoneRoot\data\ASPIRE_forDistro\1 Downlooking\RGB\image_2931068080.png,7.103651,2.1256
D:\capstoneRoot\data\ASPIRE_forDistro\1 Downlooking\RGB\image_2931074181.png,7.1072,6.8266
D:\capstoneRoot\data\ASPIRE_forDistro\1 Downlooking\RGB\image_2931081477.png,7.1272,12.4196
D:\capstoneRoot\data\ASPIRE_forDistro\1 Downlooking\RGB\image_2931067894.png,7.131098,1.9746
D:\capstoneRoot\data\ASPIRE_forDistro\1 Downlooking\RGB\image_2931074124.png,7.1612,6.7766
D:\capstoneRoot\data\ASPIRE_forDistro\1 Downlooking\RGB\image_2931067951.png,7.2212,2.0276
D:\capstoneRoot\data\ASPIRE_forDistro\1 Downlooking\RGB\image_2931073733.png,7.2232,6.4776
D:\capstoneRoot\data\ASPIRE_forDistro\1 Downlooking\RGB\image_2931081347.png,7.2382,12.3236
D:\capstoneRoot\data\ASPIRE_forDistro\1 Downlooking\RGB\image_2931070744.png,7.2522,4.1786
D:\capstoneRoot\data\ASPIRE_forDistro\1 Downlooking\RGB\image_2931073863.png,7.2622,6.5796
D:\capstoneRoot\data\ASPIRE_forDistro\1 Downlooking\RGB\image_2931079987.png,7.3012,11.2766
D:\capstoneRoot\data\ASPIRE_forDistro\1 Downlooking\RGB\image_2931081289.png,7.3042,12.2746
D:\capstoneRoot\data\ASPIRE_forDistro\1 Downlooking\RGB\image_2931067822.png,7.306769,1.9256
D:\capstoneRoot\data\ASPIRE_forDistro\1 Downlooking\RGB\image_2931073791.png,7.3172,6.5266
D:\capstoneRoot\data\ASPIRE_forDistro\1 Downlooking\RGB\image_2931071003.png,7.328216,4.3766
D:\capstoneRoot\data\ASPIRE_forDistro\1 Downlooking\RGB\image_2931073212.png,7.3372,6.0776
D:\capstoneRoot\data\ASPIRE_forDistro\1 Downlooking\RGB\image_2931080117.png,7.3402,11.3726
D:\capstoneRoot\data\ASPIRE_forDistro\1 Downlooking\RGB\image_2931070614.png,7.3472,4.0756
D:\capstoneRoot\data\ASPIRE_forDistro\1 Downlooking\RGB\image_2931067757.png,7.3532,1.8746
D:\capstoneRoot\data\ASPIRE_forDistro\1 Downlooking\RGB\image_2931073472.png,7.3572,6.2776
D:\capstoneRoot\data\ASPIRE_forDistro\1 Downlooking\RGB\image_2931070873.png,7.36977,4.2716
D:\capstoneRoot\data\ASPIRE_forDistro\1 Downlooking\RGB\image_2931073602.png,7.380529,6.3766
D:\capstoneRoot\data\ASPIRE_forDistro\1 Downlooking\RGB\image_2931072822.png,7.389144,5.7746
D:\capstoneRoot\data\ASPIRE_forDistro\1 Downlooking\RGB\image_2931073661.png,7.3892,6.4226
D:\capstoneRoot\data\ASPIRE_forDistro\1 Downlooking\RGB\image_2931072751.png,7.4032,5.7246
D:\capstoneRoot\data\ASPIRE_forDistro\1 Downlooking\RGB\image_2931080247.png,7.42293,11.4696
D:\capstoneRoot\data\ASPIRE_forDistro\1 Downlooking\RGB\image_2931070484.png,7.423543,3.9776
D:\capstoneRoot\data\ASPIRE_forDistro\1 Downlooking\RGB\image_2931072432.png,7.4332,5.4786
D:\capstoneRoot\data\ASPIRE_forDistro\1 Downlooking\RGB\image_2931081028.png,7.4332,12.0766
D:\capstoneRoot\data\ASPIRE_forDistro\1 Downlooking\RGB\image_2931073011.png,7.434174,5.9256
D:\capstoneRoot\data\ASPIRE_forDistro\1 Downlooking\RGB\image_2931070932.png,7.4342,4.3286
D:\capstoneRoot\data\ASPIRE_forDistro\1 Downlooking\RGB\image_2931080176.png,7.4382,11.4226
D:\capstoneRoot\data\ASPIRE_forDistro\1 Downlooking\RGB\image_2931073141.png,7.442144,6.0276
D:\capstoneRoot\data\ASPIRE_forDistro\1 Downlooking\RGB\image_2931072302.png,7.4502,5.3746
D:\capstoneRoot\data\ASPIRE_forDistro\1 Downlooking\RGB\image_2931073531.png,7.4552,6.3256
D:\capstoneRoot\data\ASPIRE_forDistro\1 Downlooking\RGB\image_2931071262.png,7.4602,4.5786
D:\capstoneRoot\data\ASPIRE_forDistro\1 Downlooking\RGB\image_2931072172.png,7.4692,5.2776
D:\capstoneRoot\data\ASPIRE_forDistro\1 Downlooking\RGB\image_2931080046.png,7.4712,11.3266
D:\capstoneRoot\data\ASPIRE_forDistro\1 Downlooking\RGB\image_2931081158.png,7.4762,12.1756
D:\capstoneRoot\data\ASPIRE_forDistro\1 Downlooking\RGB\image_2931071392.png,7.4812,4.6686
D:\capstoneRoot\data\ASPIRE_forDistro\1 Downlooking\RGB\image_2931070673.png,7.485845,4.1276
D:\capstoneRoot\data\ASPIRE_forDistro\1 Downlooking\RGB\image_2931079916.png,7.4922,11.2256
D:\capstoneRoot\data\ASPIRE_forDistro\1 Downlooking\RGB\image_2931071132.png,7.4972,4.4756
D:\capstoneRoot\data\ASPIRE_forDistro\1 Downlooking\RGB\image_2931079856.png,7.513488,11.1736
D:\capstoneRoot\data\ASPIRE_forDistro\1 Downlooking\RGB\image_2931071912.png,7.516724,5.0776
D:\capstoneRoot\data\ASPIRE_forDistro\1 Downlooking\RGB\image_2931070354.png,7.536323,3.8776
D:\capstoneRoot\data\ASPIRE_forDistro\1 Downlooking\RGB\image_2931080437.png,7.5382,11.6256
D:\capstoneRoot\data\ASPIRE_forDistro\1 Downlooking\RGB\image_2931071842.png,7.5432,5.0276
D:\capstoneRoot\data\ASPIRE_forDistro\1 Downlooking\RGB\image_2931080507.png,7.5562,11.6726
D:\capstoneRoot\data\ASPIRE_forDistro\1 Downlooking\RGB\image_2931081218.png,7.5602,12.2206
D:\capstoneRoot\data\ASPIRE_forDistro\1 Downlooking\RGB\image_2931070414.png,7.5672,3.9276
D:\capstoneRoot\data\ASPIRE_forDistro\1 Downlooking\RGB\image_2931071192.png,7.570736,4.5266
D:\capstoneRoot\data\ASPIRE_forDistro\1 Downlooking\RGB\image_2931080637.png,7.5782,11.7756
D:\capstoneRoot\data\ASPIRE_forDistro\1 Downlooking\RGB\image_2931071322.png,7.597352,4.6206
D:\capstoneRoot\data\ASPIRE_forDistro\1 Downlooking\RGB\image_2931067687.png,7.601451,1.8276
D:\capstoneRoot\data\ASPIRE_forDistro\1 Downlooking\RGB\image_2931072232.png,7.606275,5.3236
D:\capstoneRoot\data\ASPIRE_forDistro\1 Downlooking\RGB\image_2931080767.png,7.6092,11.8756
D:\capstoneRoot\data\ASPIRE_forDistro\1 Downlooking\RGB\image_2931072362.png,7.610703,5.4266
D:\capstoneRoot\data\ASPIRE_forDistro\1 Downlooking\RGB\image_2931079725.png,7.6152,11.0716
D:\capstoneRoot\data\ASPIRE_forDistro\1 Downlooking\RGB\image_2931072492.png,7.619823,5.5276
D:\capstoneRoot\data\ASPIRE_forDistro\1 Downlooking\RGB\image_2931081088.png,7.6222,12.1256
D:\capstoneRoot\data\ASPIRE_forDistro\1 Downlooking\RGB\image_2931079786.png,7.6332,11.1236
D:\capstoneRoot\data\ASPIRE_forDistro\1 Downlooking\RGB\image_2931080897.png,7.6432,11.9766
D:\capstoneRoot\data\ASPIRE_forDistro\1 Downlooking\RGB\image_2931083634.png,7.6512,14.0586
D:\capstoneRoot\data\ASPIRE_forDistro\1 Downlooking\RGB\image_2931070224.png,7.658076,3.7776
D:\capstoneRoot\data\ASPIRE_forDistro\1 Downlooking\RGB\image_2931080958.png,7.6752,12.0246
D:\capstoneRoot\data\ASPIRE_forDistro\1 Downlooking\RGB\image_2931077249.png,7.677798,9.1746
D:\capstoneRoot\data\ASPIRE_forDistro\1 Downlooking\RGB\image_2931080828.png,7.6912,11.9266
D:\capstoneRoot\data\ASPIRE_forDistro\1 Downlooking\RGB\image_2931070094.png,7.699155,3.6746
D:\capstoneRoot\data\ASPIRE_forDistro\1 Downlooking\RGB\image_2931077379.png,7.702432,9.2756
D:\capstoneRoot\data\ASPIRE_forDistro\1 Downlooking\RGB\image_2931079203.png,7.7032,10.6726
D:\capstoneRoot\data\ASPIRE_forDistro\1 Downlooking\RGB\image_2931070285.png,7.703617,3.8306
D:\capstoneRoot\data\ASPIRE_forDistro\1 Downlooking\RGB\image_2931083565.png,7.7212,14.0086
D:\capstoneRoot\data\ASPIRE_forDistro\1 Downlooking\RGB\image_2931078160.png,7.7242,9.8736
D:\capstoneRoot\data\ASPIRE_forDistro\1 Downlooking\RGB\image_2931083764.png,7.740385,14.1576
D:\capstoneRoot\data\ASPIRE_forDistro\1 Downlooking\RGB\image_2931077509.png,7.7412,9.3776
D:\capstoneRoot\data\ASPIRE_forDistro\1 Downlooking\RGB\image_2931080698.png,7.7422,11.8246
D:\capstoneRoot\data\ASPIRE_forDistro\1 Downlooking\RGB\image_2931079594.png,7.7432,10.9746
D:\capstoneRoot\data\ASPIRE_forDistro\1 Downlooking\RGB\image_2931083503.png,7.744615,13.9586
D:\capstoneRoot\data\ASPIRE_forDistro\1 Downlooking\RGB\image_2931079656.png,7.7542,11.0256
D:\capstoneRoot\data\ASPIRE_forDistro\1 Downlooking\RGB\image_2931078812.png,7.7572,10.3756
D:\capstoneRoot\data\ASPIRE_forDistro\1 Downlooking\RGB\image_2931080568.png,7.7622,11.7236
D:\capstoneRoot\data\ASPIRE_forDistro\1 Downlooking\RGB\image_2931069964.png,7.7632,3.5786
D:\capstoneRoot\data\ASPIRE_forDistro\1 Downlooking\RGB\image_2931083826.png,7.7742,14.2116
D:\capstoneRoot\data\ASPIRE_forDistro\1 Downlooking\RGB\image_2931079333.png,7.7782,10.7726
D:\capstoneRoot\data\ASPIRE_forDistro\1 Downlooking\RGB\image_2931077639.png,7.7882,9.4746
D:\capstoneRoot\data\ASPIRE_forDistro\1 Downlooking\RGB\image_2931076598.png,7.7942,8.6746
D:\capstoneRoot\data\ASPIRE_forDistro\1 Downlooking\RGB\image_2931078290.png,7.7952,9.9786
D:\capstoneRoot\data\ASPIRE_forDistro\1 Downlooking\RGB\image_2931076728.png,7.801643,8.7736
D:\capstoneRoot\data\ASPIRE_forDistro\1 Downlooking\RGB\image_2931079265.png,7.8042,10.7296
D:\capstoneRoot\data\ASPIRE_forDistro\1 Downlooking\RGB\image_2931069834.png,7.8062,3.4726
D:\capstoneRoot\data\ASPIRE_forDistro\1 Downlooking\RGB\image_2931082981.png,7.814394,13.5726
D:\capstoneRoot\data\ASPIRE_forDistro\1 Downlooking\RGB\image_2931078222.png,7.826382,9.9266
D:\capstoneRoot\data\ASPIRE_forDistro\1 Downlooking\RGB\image_2931076858.png,7.8302,8.8716
D:\capstoneRoot\data\ASPIRE_forDistro\1 Downlooking\RGB\image_2931078874.png,7.8352,10.4236
D:\capstoneRoot\data\ASPIRE_forDistro\1 Downlooking\RGB\image_2931069704.png,7.854301,3.3736
D:\capstoneRoot\data\ASPIRE_forDistro\1 Downlooking\RGB\image_2931083696.png,7.8552,14.1116
D:\capstoneRoot\data\ASPIRE_forDistro\1 Downlooking\RGB\image_2931070026.png,7.859274,3.6226
D:\capstoneRoot\data\ASPIRE_forDistro\1 Downlooking\RGB\image_2931077571.png,7.8662,9.4166
D:\capstoneRoot\data\ASPIRE_forDistro\1 Downlooking\RGB\image_2931083372.png,7.8682,13.8596
D:\capstoneRoot\data\ASPIRE_forDistro\1 Downlooking\RGB\image_2931079526.png,7.8712,10.9256
D:\capstoneRoot\data\ASPIRE_forDistro\1 Downlooking\RGB\image_2931077769.png,7.8722,9.5766
D:\capstoneRoot\data\ASPIRE_forDistro\1 Downlooking\RGB\image_2931083435.png,7.8742,13.9116
D:\capstoneRoot\data\ASPIRE_forDistro\1 Downlooking\RGB\image_2931076988.png,7.877027,8.9746
D:\capstoneRoot\data\ASPIRE_forDistro\1 Downlooking\RGB\image_2931079072.png,7.879361,10.5726
D:\capstoneRoot\data\ASPIRE_forDistro\1 Downlooking\RGB\image_2931077311.png,7.8822,9.2246
D:\capstoneRoot\data\ASPIRE_forDistro\1 Downlooking\RGB\image_2931078092.png,7.884991,9.823495
D:\capstoneRoot\data\ASPIRE_forDistro\1 Downlooking\RGB\image_2931079463.png,7.8912,10.8686
D:\capstoneRoot\data\ASPIRE_forDistro\1 Downlooking\RGB\image_2931077118.png,7.8922,9.0746
D:\capstoneRoot\data\ASPIRE_forDistro\1 Downlooking\RGB\image_2931078614.png,7.8932,10.2236
D:\capstoneRoot\data\ASPIRE_forDistro\1 Downlooking\RGB\image_2931077899.png,7.8962,9.6756
D:\capstoneRoot\data\ASPIRE_forDistro\1 Downlooking\RGB\image_2931079135.png,7.897104,10.6286
D:\capstoneRoot\data\ASPIRE_forDistro\1 Downlooking\RGB\image_2931070156.png,7.9012,3.7246
D:\capstoneRoot\data\ASPIRE_forDistro\1 Downlooking\RGB\image_2931078551.png,7.9052,10.1756
D:\capstoneRoot\data\ASPIRE_forDistro\1 Downlooking\RGB\image_2931069574.png,7.9132,3.2736
D:\capstoneRoot\data\ASPIRE_forDistro\1 Downlooking\RGB\image_2931083111.png,7.9162,13.6736
D:\capstoneRoot\data\ASPIRE_forDistro\1 Downlooking\RGB\image_2931077181.png,7.9292,9.1236
D:\capstoneRoot\data\ASPIRE_forDistro\1 Downlooking\RGB\image_2931069637.png,7.9402,3.3236
D:\capstoneRoot\data\ASPIRE_forDistro\1 Downlooking\RGB\image_2931077962.png,7.945561,9.7226
D:\capstoneRoot\data\ASPIRE_forDistro\1 Downlooking\RGB\image_2931083241.png,7.9512,13.7566
D:\capstoneRoot\data\ASPIRE_forDistro\1 Downlooking\RGB\image_2931077832.png,7.9542,9.6246
D:\capstoneRoot\data\ASPIRE_forDistro\1 Downlooking\RGB\image_2931083044.png,7.9552,13.6236
D:\capstoneRoot\data\ASPIRE_forDistro\1 Downlooking\RGB\image_2931078484.png,7.9622,10.1236
D:\capstoneRoot\data\ASPIRE_forDistro\1 Downlooking\RGB\image_2931076921.png,7.9632,8.9256
D:\capstoneRoot\data\ASPIRE_forDistro\1 Downlooking\RGB\image_2931078353.png,7.976397,10.0256
D:\capstoneRoot\data\ASPIRE_forDistro\1 Downlooking\RGB\image_2931082850.png,7.9802,13.4726
D:\capstoneRoot\data\ASPIRE_forDistro\1 Downlooking\RGB\image_2931069767.png,7.9892,3.4266
D:\capstoneRoot\data\ASPIRE_forDistro\1 Downlooking\RGB\image_2931076791.png,8.001876,8.8256
D:\capstoneRoot\data\ASPIRE_forDistro\1 Downlooking\RGB\image_2931077702.png,8.0032,9.5246
D:\capstoneRoot\data\ASPIRE_forDistro\1 Downlooking\RGB\image_2931079396.png,8.006255,10.8276
D:\capstoneRoot\data\ASPIRE_forDistro\1 Downlooking\RGB\image_2931076531.png,8.023982,8.627336
D:\capstoneRoot\data\ASPIRE_forDistro\1 Downlooking\RGB\image_2931069444.png,8.0312,3.1756
D:\capstoneRoot\data\ASPIRE_forDistro\1 Downlooking\RGB\image_2931076661.png,8.03141,8.7286
D:\capstoneRoot\data\ASPIRE_forDistro\1 Downlooking\RGB\image_2931083305.png,8.0382,13.8076
D:\capstoneRoot\data\ASPIRE_forDistro\1 Downlooking\RGB\image_2931076467.png,8.055757,8.5756
D:\capstoneRoot\data\ASPIRE_forDistro\1 Downlooking\RGB\image_2931082914.png,8.0722,13.5246
D:\capstoneRoot\data\ASPIRE_forDistro\1 Downlooking\RGB\image_2931076076.png,8.095553,8.2736
D:\capstoneRoot\data\ASPIRE_forDistro\1 Downlooking\RGB\image_2931069508.png,8.10592,3.2286
D:\capstoneRoot\data\ASPIRE_forDistro\1 Downlooking\RGB\image_2931082589.png,8.1212,13.2736
D:\capstoneRoot\data\ASPIRE_forDistro\1 Downlooking\RGB\image_2931069314.png,8.124816,3.0796
D:\capstoneRoot\data\ASPIRE_forDistro\1 Downlooking\RGB\image_2931083175.png,8.1262,13.7256
D:\capstoneRoot\data\ASPIRE_forDistro\1 Downlooking\RGB\image_2931076206.png,8.132719,8.364925
D:\capstoneRoot\data\ASPIRE_forDistro\1 Downlooking\RGB\image_2931082784.png,8.1382,13.4216
D:\capstoneRoot\data\ASPIRE_forDistro\1 Downlooking\RGB\image_2931069249.png,8.1912,3.0256
D:\capstoneRoot\data\ASPIRE_forDistro\1 Downlooking\RGB\image_2931082654.png,8.204144,13.3226
D:\capstoneRoot\data\ASPIRE_forDistro\1 Downlooking\RGB\image_2931069184.png,8.217419,2.9776
D:\capstoneRoot\data\ASPIRE_forDistro\1 Downlooking\RGB\image_2931082328.png,8.2182,13.0726
D:\capstoneRoot\data\ASPIRE_forDistro\1 Downlooking\RGB\image_2931076141.png,8.2412,8.3236
D:\capstoneRoot\data\ASPIRE_forDistro\1 Downlooking\RGB\image_2931082524.png,8.266151,13.2256
D:\capstoneRoot\data\ASPIRE_forDistro\1 Downlooking\RGB\image_2931075945.png,8.270265,8.1666
D:\capstoneRoot\data\ASPIRE_forDistro\1 Downlooking\RGB\image_2931069379.png,8.2742,3.1276
D:\capstoneRoot\data\ASPIRE_forDistro\1 Downlooking\RGB\image_2931075685.png,8.275238,7.9756
D:\capstoneRoot\data\ASPIRE_forDistro\1 Downlooking\RGB\image_2931069054.png,8.2972,2.8766
D:\capstoneRoot\data\ASPIRE_forDistro\1 Downlooking\RGB\image_2931076402.png,8.3032,8.5226
D:\capstoneRoot\data\ASPIRE_forDistro\1 Downlooking\RGB\image_2931075621.png,8.310312,7.9266
D:\capstoneRoot\data\ASPIRE_forDistro\1 Downlooking\RGB\image_2931082394.png,8.3262,13.1256
D:\capstoneRoot\data\ASPIRE_forDistro\1 Downlooking\RGB\image_2931075751.png,8.3292,8.0266
D:\capstoneRoot\data\ASPIRE_forDistro\1 Downlooking\RGB\image_2931069120.png,8.34179,2.92333
D:\capstoneRoot\data\ASPIRE_forDistro\1 Downlooking\RGB\image_2931075294.png,8.3482,7.6746
D:\capstoneRoot\data\ASPIRE_forDistro\1 Downlooking\RGB\image_2931076272.png,8.3672,8.4216
D:\capstoneRoot\data\ASPIRE_forDistro\1 Downlooking\RGB\image_2931075424.png,8.373215,7.7686
D:\capstoneRoot\data\ASPIRE_forDistro\1 Downlooking\RGB\image_2931082264.png,8.4072,13.0226
D:\capstoneRoot\data\ASPIRE_forDistro\1 Downlooking\RGB\image_2931075491.png,8.4282,7.8236
D:\capstoneRoot\data\ASPIRE_forDistro\1 Downlooking\RGB\image_2931082197.png,8.4602,12.9746
D:\capstoneRoot\data\ASPIRE_forDistro\1 Downlooking\RGB\image_2931068924.png,8.4672,2.7746
D:\capstoneRoot\data\ASPIRE_forDistro\1 Downlooking\RGB\image_2931075361.png,8.4752,7.7296
D:\capstoneRoot\data\ASPIRE_forDistro\1 Downlooking\RGB\image_2931068665.png,8.515649,2.5776
D:\capstoneRoot\data\ASPIRE_forDistro\1 Downlooking\RGB\image_2931075163.png,8.5832,7.5766
D:\capstoneRoot\data\ASPIRE_forDistro\1 Downlooking\RGB\image_2931068794.png,8.6142,2.6756
D:\capstoneRoot\data\ASPIRE_forDistro\1 Downlooking\RGB\image_2931082066.png,8.6402,12.8746
D:\capstoneRoot\data\ASPIRE_forDistro\1 Downlooking\RGB\image_2931068535.png,8.6672,2.4826
D:\capstoneRoot\data\ASPIRE_forDistro\1 Downlooking\RGB\image_2931082135.png,8.6892,12.9256
D:\capstoneRoot\data\ASPIRE_forDistro\1 Downlooking\RGB\image_2931074378.png,8.751126,6.9806
D:\capstoneRoot\data\ASPIRE_forDistro\1 Downlooking\RGB\image_2931082005.png,8.780864,12.8256
D:\capstoneRoot\data\ASPIRE_forDistro\1 Downlooking\RGB\image_2931075102.png,8.7832,7.5286
D:\capstoneRoot\data\ASPIRE_forDistro\1 Downlooking\RGB\image_2931068405.png,8.801496,2.3796
D:\capstoneRoot\data\ASPIRE_forDistro\1 Downlooking\RGB\image_2931081935.png,8.8062,12.7736
D:\capstoneRoot\data\ASPIRE_forDistro\1 Downlooking\RGB\image_2931068604.png,8.811702,2.5206
D:\capstoneRoot\data\ASPIRE_forDistro\1 Downlooking\RGB\image_2931074448.png,8.878517,7.0246
D:\capstoneRoot\data\ASPIRE_forDistro\1 Downlooking\RGB\image_2931081875.png,8.8822,12.7216
D:\capstoneRoot\data\ASPIRE_forDistro\1 Downlooking\RGB\image_2931074708.png,8.8952,7.2276
D:\capstoneRoot\data\ASPIRE_forDistro\1 Downlooking\RGB\image_2931081674.png,8.9082,12.5746
D:\capstoneRoot\data\ASPIRE_forDistro\1 Downlooking\RGB\image_2931074838.png,8.916051,7.3226
D:\capstoneRoot\data\ASPIRE_forDistro\1 Downlooking\RGB\image_2931068475.png,8.9202,2.4226
D:\capstoneRoot\data\ASPIRE_forDistro\1 Downlooking\RGB\image_2931074318.png,8.9312,6.9236
D:\capstoneRoot\data\ASPIRE_forDistro\1 Downlooking\RGB\image_2931081745.png,8.9422,12.6246
D:\capstoneRoot\data\ASPIRE_forDistro\1 Downlooking\RGB\image_2931068275.png,8.9492,2.2776
D:\capstoneRoot\data\ASPIRE_forDistro\1 Downlooking\RGB\image_2931074247.png,8.9922,6.8776
D:\capstoneRoot\data\ASPIRE_forDistro\1 Downlooking\RGB\image_2931068346.png,9.002562,2.3286
D:\capstoneRoot\data\ASPIRE_forDistro\1 Downlooking\RGB\image_2931081543.png,9.0282,12.4706
D:\capstoneRoot\data\ASPIRE_forDistro\1 Downlooking\RGB\image_2931068016.png,9.0682,2.0806
D:\capstoneRoot\data\ASPIRE_forDistro\1 Downlooking\RGB\image_2931081615.png,9.0712,12.5216
D:\capstoneRoot\data\ASPIRE_forDistro\1 Downlooking\RGB\image_2931068217.png,9.1132,2.2256
D:\capstoneRoot\data\ASPIRE_forDistro\1 Downlooking\RGB\image_2931073986.png,9.1302,6.6786
D:\capstoneRoot\data\ASPIRE_forDistro\1 Downlooking\RGB\image_2931068145.png,9.1372,2.1756
D:\capstoneRoot\data\ASPIRE_forDistro\1 Downlooking\RGB\image_2931081412.png,9.1402,12.3706
D:\capstoneRoot\data\ASPIRE_forDistro\1 Downlooking\RGB\image_2931074189.png,9.167105,6.8266
D:\capstoneRoot\data\ASPIRE_forDistro\1 Downlooking\RGB\image_2931068088.png,9.174482,2.1256
D:\capstoneRoot\data\ASPIRE_forDistro\1 Downlooking\RGB\image_2931081485.png,9.1782,12.4196
D:\capstoneRoot\data\ASPIRE_forDistro\1 Downlooking\RGB\image_2931067886.png,9.192647,1.9746
D:\capstoneRoot\data\ASPIRE_forDistro\1 Downlooking\RGB\image_2931074116.png,9.2092,6.7766
D:\capstoneRoot\data\ASPIRE_forDistro\1 Downlooking\RGB\image_2931067959.png,9.2852,2.0276
D:\capstoneRoot\data\ASPIRE_forDistro\1 Downlooking\RGB\image_2931081355.png,9.2922,12.3236
D:\capstoneRoot\data\ASPIRE_forDistro\1 Downlooking\RGB\image_2931070736.png,9.3092,4.1786
D:\capstoneRoot\data\ASPIRE_forDistro\1 Downlooking\RGB\image_2931073929.png,9.311637,6.6256
D:\capstoneRoot\data\ASPIRE_forDistro\1 Downlooking\RGB\image_2931079979.png,9.3542,11.2766
D:\capstoneRoot\data\ASPIRE_forDistro\1 Downlooking\RGB\image_2931081281.png,9.356056,12.2746
D:\capstoneRoot\data\ASPIRE_forDistro\1 Downlooking\RGB\image_2931073799.png,9.362808,6.5266
D:\capstoneRoot\data\ASPIRE_forDistro\1 Downlooking\RGB\image_2931067830.png,9.3672,1.9256
D:\capstoneRoot\data\ASPIRE_forDistro\1 Downlooking\RGB\image_2931070995.png,9.380633,4.3766
D:\capstoneRoot\data\ASPIRE_forDistro\1 Downlooking\RGB\image_2931073204.png,9.3892,6.0786
D:\capstoneRoot\data\ASPIRE_forDistro\1 Downlooking\RGB\image_2931080109.png,9.3952,11.3726
D:\capstoneRoot\data\ASPIRE_forDistro\1 Downlooking\RGB\image_2931070606.png,9.4042,4.0756
D:\capstoneRoot\data\ASPIRE_forDistro\1 Downlooking\RGB\image_2931073464.png,9.4102,6.2766
D:\capstoneRoot\data\ASPIRE_forDistro\1 Downlooking\RGB\image_2931067749.png,9.4112,1.8746
D:\capstoneRoot\data\ASPIRE_forDistro\1 Downlooking\RGB\image_2931070865.png,9.41824,4.2716
D:\capstoneRoot\data\ASPIRE_forDistro\1 Downlooking\RGB\image_2931073594.png,9.4232,6.3766
D:\capstoneRoot\data\ASPIRE_forDistro\1 Downlooking\RGB\image_2931072814.png,9.430455,5.774909
D:\capstoneRoot\data\ASPIRE_forDistro\1 Downlooking\RGB\image_2931073669.png,9.4402,6.4226
D:\capstoneRoot\data\ASPIRE_forDistro\1 Downlooking\RGB\image_2931072554.png,9.4562,5.5796
D:\capstoneRoot\data\ASPIRE_forDistro\1 Downlooking\RGB\image_2931080239.png,9.473622,11.4696
D:\capstoneRoot\data\ASPIRE_forDistro\1 Downlooking\RGB\image_2931070476.png,9.4822,3.9776
D:\capstoneRoot\data\ASPIRE_forDistro\1 Downlooking\RGB\image_2931073019.png,9.482542,5.9256
D:\capstoneRoot\data\ASPIRE_forDistro\1 Downlooking\RGB\image_2931081020.png,9.4872,12.0766
D:\capstoneRoot\data\ASPIRE_forDistro\1 Downlooking\RGB\image_2931080184.png,9.4882,11.4226
D:\capstoneRoot\data\ASPIRE_forDistro\1 Downlooking\RGB\image_2931070551.png,9.488579,4.0256
D:\capstoneRoot\data\ASPIRE_forDistro\1 Downlooking\RGB\image_2931073149.png,9.49663,6.0276
D:\capstoneRoot\data\ASPIRE_forDistro\1 Downlooking\RGB\image_2931072294.png,9.5042,5.3756
D:\capstoneRoot\data\ASPIRE_forDistro\1 Downlooking\RGB\image_2931073539.png,9.5042,6.3256
D:\capstoneRoot\data\ASPIRE_forDistro\1 Downlooking\RGB\image_2931071254.png,9.5142,4.5786
D:\capstoneRoot\data\ASPIRE_forDistro\1 Downlooking\RGB\image_2931080054.png,9.5152,11.3266
D:\capstoneRoot\data\ASPIRE_forDistro\1 Downlooking\RGB\image_2931072164.png,9.5242,5.2776
D:\capstoneRoot\data\ASPIRE_forDistro\1 Downlooking\RGB\image_2931081150.png,9.5292,12.1756
D:\capstoneRoot\data\ASPIRE_forDistro\1 Downlooking\RGB\image_2931071774.png,9.534224,4.9756
D:\capstoneRoot\data\ASPIRE_forDistro\1 Downlooking\RGB\image_2931079924.png,9.5362,11.2256
D:\capstoneRoot\data\ASPIRE_forDistro\1 Downlooking\RGB\image_2931070681.png,9.5382,4.1276
D:\capstoneRoot\data\ASPIRE_forDistro\1 Downlooking\RGB\image_2931079848.png,9.556839,11.1736
D:\capstoneRoot\data\ASPIRE_forDistro\1 Downlooking\RGB\image_2931071070.png,9.5632,4.4296
D:\capstoneRoot\data\ASPIRE_forDistro\1 Downlooking\RGB\image_2931071904.png,9.5702,5.0776
D:\capstoneRoot\data\ASPIRE_forDistro\1 Downlooking\RGB\image_2931080445.png,9.5832,11.6256
D:\capstoneRoot\data\ASPIRE_forDistro\1 Downlooking\RGB\image_2931072034.png,9.5852,5.1746
D:\capstoneRoot\data\ASPIRE_forDistro\1 Downlooking\RGB\image_2931070346.png,9.588221,3.8776
D:\capstoneRoot\data\ASPIRE_forDistro\1 Downlooking\RGB\image_2931071850.png,9.5912,5.0276
D:\capstoneRoot\data\ASPIRE_forDistro\1 Downlooking\RGB\image_2931081226.png,9.6012,12.2206
D:\capstoneRoot\data\ASPIRE_forDistro\1 Downlooking\RGB\image_2931080499.png,9.6092,11.6726
D:\capstoneRoot\data\ASPIRE_forDistro\1 Downlooking\RGB\image_2931071720.png,9.6162,4.9266
D:\capstoneRoot\data\ASPIRE_forDistro\1 Downlooking\RGB\image_2931070422.png,9.6212,3.9276
D:\capstoneRoot\data\ASPIRE_forDistro\1 Downlooking\RGB\image_2931080315.png,9.6312,11.5246
D:\capstoneRoot\data\ASPIRE_forDistro\1 Downlooking\RGB\image_2931067695.png,9.6452,1.8276
D:\capstoneRoot\data\ASPIRE_forDistro\1 Downlooking\RGB\image_2931072370.png,9.647581,5.4266
D:\capstoneRoot\data\ASPIRE_forDistro\1 Downlooking\RGB\image_2931071330.png,9.653297,4.6206
D:\capstoneRoot\data\ASPIRE_forDistro\1 Downlooking\RGB\image_2931072500.png,9.6572,5.5276
D:\capstoneRoot\data\ASPIRE_forDistro\1 Downlooking\RGB\image_2931080759.png,9.6632,11.8756
D:\capstoneRoot\data\ASPIRE_forDistro\1 Downlooking\RGB\image_2931079717.png,9.6672,11.0716
D:\capstoneRoot\data\ASPIRE_forDistro\1 Downlooking\RGB\image_2931080889.png,9.6962,11.9766
D:\capstoneRoot\data\ASPIRE_forDistro\1 Downlooking\RGB\image_2931083626.png,9.7032,14.0586
D:\capstoneRoot\data\ASPIRE_forDistro\1 Downlooking\RGB\image_2931070216.png,9.712054,3.7776
D:\capstoneRoot\data\ASPIRE_forDistro\1 Downlooking\RGB\image_2931080966.png,9.7182,12.0246
D:\capstoneRoot\data\ASPIRE_forDistro\1 Downlooking\RGB\image_2931077241.png,9.7272,9.1756
D:\capstoneRoot\data\ASPIRE_forDistro\1 Downlooking\RGB\image_2931080836.png,9.7332,11.9266
D:\capstoneRoot\data\ASPIRE_forDistro\1 Downlooking\RGB\image_2931070293.png,9.7472,3.8306
D:\capstoneRoot\data\ASPIRE_forDistro\1 Downlooking\RGB\image_2931077371.png,9.750127,9.2756
D:\capstoneRoot\data\ASPIRE_forDistro\1 Downlooking\RGB\image_2931079195.png,9.752636,10.6726
D:\capstoneRoot\data\ASPIRE_forDistro\1 Downlooking\RGB\image_2931070086.png,9.7572,3.6746
D:\capstoneRoot\data\ASPIRE_forDistro\1 Downlooking\RGB\image_2931083573.png,9.7662,14.0076
D:\capstoneRoot\data\ASPIRE_forDistro\1 Downlooking\RGB\image_2931078152.png,9.7762,9.8736
D:\capstoneRoot\data\ASPIRE_forDistro\1 Downlooking\RGB\image_2931080706.png,9.7822,11.8246
D:\capstoneRoot\data\ASPIRE_forDistro\1 Downlooking\RGB\image_2931083495.png,9.787282,13.9576
D:\capstoneRoot\data\ASPIRE_forDistro\1 Downlooking\RGB\image_2931079664.png,9.7892,11.0246
D:\capstoneRoot\data\ASPIRE_forDistro\1 Downlooking\RGB\image_2931083756.png,9.790838,14.1576
D:\capstoneRoot\data\ASPIRE_forDistro\1 Downlooking\RGB\image_2931077501.png,9.791134,9.3776
D:\capstoneRoot\data\ASPIRE_forDistro\1 Downlooking\RGB\image_2931079586.png,9.7932,10.9746
D:\capstoneRoot\data\ASPIRE_forDistro\1 Downlooking\RGB\image_2931080576.png,9.8032,11.7236
D:\capstoneRoot\data\ASPIRE_forDistro\1 Downlooking\RGB\image_2931078804.png,9.8082,10.3756
D:\capstoneRoot\data\ASPIRE_forDistro\1 Downlooking\RGB\image_2931069904.png,9.8172,3.5256
D:\capstoneRoot\data\ASPIRE_forDistro\1 Downlooking\RGB\image_2931083834.png,9.8172,14.2106
D:\capstoneRoot\data\ASPIRE_forDistro\1 Downlooking\RGB\image_2931069956.png,9.8232,3.5786
D:\capstoneRoot\data\ASPIRE_forDistro\1 Downlooking\RGB\image_2931079325.png,9.8292,10.7726
D:\capstoneRoot\data\ASPIRE_forDistro\1 Downlooking\RGB\image_2931077631.png,9.8402,9.4746
D:\capstoneRoot\data\ASPIRE_forDistro\1 Downlooking\RGB\image_2931076590.png,9.8452,8.6746
D:\capstoneRoot\data\ASPIRE_forDistro\1 Downlooking\RGB\image_2931078282.png,9.8452,9.9786
D:\capstoneRoot\data\ASPIRE_forDistro\1 Downlooking\RGB\image_2931076720.png,9.8472,8.7736
D:\capstoneRoot\data\ASPIRE_forDistro\1 Downlooking\RGB\image_2931078934.png,9.8482,10.4726
D:\capstoneRoot\data\ASPIRE_forDistro\1 Downlooking\RGB\image_2931078230.png,9.8662,9.9266
D:\capstoneRoot\data\ASPIRE_forDistro\1 Downlooking\RGB\image_2931069826.png,9.8672,3.4726
D:\capstoneRoot\data\ASPIRE_forDistro\1 Downlooking\RGB\image_2931082973.png,9.868005,13.573588
D:\capstoneRoot\data\ASPIRE_forDistro\1 Downlooking\RGB\image_2931078882.png,9.8742,10.4236
D:\capstoneRoot\data\ASPIRE_forDistro\1 Downlooking\RGB\image_2931076850.png,9.88289,8.8716
D:\capstoneRoot\data\ASPIRE_forDistro\1 Downlooking\RGB\image_2931077579.png,9.894165,9.4166
D:\capstoneRoot\data\ASPIRE_forDistro\1 Downlooking\RGB\image_2931083704.png,9.9002,14.1116
D:\capstoneRoot\data\ASPIRE_forDistro\1 Downlooking\RGB\image_2931079534.png,9.9032,10.9256
D:\capstoneRoot\data\ASPIRE_forDistro\1 Downlooking\RGB\image_2931070034.png,9.9042,3.6226
D:\capstoneRoot\data\ASPIRE_forDistro\1 Downlooking\RGB\image_2931083364.png,9.9192,13.8586
D:\capstoneRoot\data\ASPIRE_forDistro\1 Downlooking\RGB\image_2931069696.png,9.9202,3.3736
D:\capstoneRoot\data\ASPIRE_forDistro\1 Downlooking\RGB\image_2931077319.png,9.9222,9.2246
D:\capstoneRoot\data\ASPIRE_forDistro\1 Downlooking\RGB\image_2931078100.png,9.9232,9.8236
D:\capstoneRoot\data\ASPIRE_forDistro\1 Downlooking\RGB\image_2931079064.png,9.9282,10.5726
D:\capstoneRoot\data\ASPIRE_forDistro\1 Downlooking\RGB\image_2931076980.png,9.930865,8.9746
D:\capstoneRoot\data\ASPIRE_forDistro\1 Downlooking\RGB\image_2931079143.png,9.931381,10.6286
D:\capstoneRoot\data\ASPIRE_forDistro\1 Downlooking\RGB\image_2931077449.png,9.9322,9.3236
D:\capstoneRoot\data\ASPIRE_forDistro\1 Downlooking\RGB\image_2931079455.png,9.9402,10.8696
D:\capstoneRoot\data\ASPIRE_forDistro\1 Downlooking\RGB\image_2931077110.png,9.94469,9.0746
D:\capstoneRoot\data\ASPIRE_forDistro\1 Downlooking\RGB\image_2931078412.png,9.9452,10.0746
D:\capstoneRoot\data\ASPIRE_forDistro\1 Downlooking\RGB\image_2931070164.png,9.9462,3.7246
D:\capstoneRoot\data\ASPIRE_forDistro\1 Downlooking\RGB\image_2931077891.png,9.9472,9.6756
D:\capstoneRoot\data\ASPIRE_forDistro\1 Downlooking\RGB\image_2931083103.png,9.9682,13.6746
D:\capstoneRoot\data\ASPIRE_forDistro\1 Downlooking\RGB\image_2931077189.png,9.9692,9.1236
D:\capstoneRoot\data\ASPIRE_forDistro\1 Downlooking\RGB\image_2931069566.png,9.9762,3.2736
D:\capstoneRoot\data\ASPIRE_forDistro\1 Downlooking\RGB\image_2931077970.png,9.977293,9.7226
D:\capstoneRoot\data\ASPIRE_forDistro\1 Downlooking\RGB\image_2931069645.png,9.9892,3.3236
D:\capstoneRoot\data\ASPIRE_forDistro\1 Downlooking\RGB\image_2931077840.png,9.9922,9.6246
D:\capstoneRoot\data\ASPIRE_forDistro\1 Downlooking\RGB\image_2931083052.png,9.9972,13.6236
D:\capstoneRoot\data\ASPIRE_forDistro\1 Downlooking\RGB\image_2931076929.png,10.0012,8.9256
D:\capstoneRoot\data\ASPIRE_forDistro\1 Downlooking\RGB\image_2931083233.png,10.0012,13.7566
D:\capstoneRoot\data\ASPIRE_forDistro\1 Downlooking\RGB\image_2931077059.png,10.0042,9.0226
D:\capstoneRoot\data\ASPIRE_forDistro\1 Downlooking\RGB\image_2931078361.png,10.00441,10.0256
D:\capstoneRoot\data\ASPIRE_forDistro\1 Downlooking\RGB\image_2931079404.png,10.028637,10.8276
D:\capstoneRoot\data\ASPIRE_forDistro\1 Downlooking\RGB\image_2931082842.png,10.0312,13.4726
D:\capstoneRoot\data\ASPIRE_forDistro\1 Downlooking\RGB\image_2931076799.png,10.034163,8.8246
D:\capstoneRoot\data\ASPIRE_forDistro\1 Downlooking\RGB\image_2931069775.png,10.0352,3.4266
D:\capstoneRoot\data\ASPIRE_forDistro\1 Downlooking\RGB\image_2931077710.png,10.0382,9.5246
D:\capstoneRoot\data\ASPIRE_forDistro\1 Downlooking\RGB\image_2931079013.png,10.039451,10.5256
D:\capstoneRoot\data\ASPIRE_forDistro\1 Downlooking\RGB\image_2931076539.png,10.048439,8.6276
D:\capstoneRoot\data\ASPIRE_forDistro\1 Downlooking\RGB\image_2931083313.png,10.0762,13.8076
D:\capstoneRoot\data\ASPIRE_forDistro\1 Downlooking\RGB\image_2931069436.png,10.086034,3.175022
D:\capstoneRoot\data\ASPIRE_forDistro\1 Downlooking\RGB\image_2931076459.png,10.100401,8.576311
D:\capstoneRoot\data\ASPIRE_forDistro\1 Downlooking\RGB\image_2931082922.png,10.1032,13.5256
D:\capstoneRoot\data\ASPIRE_forDistro\1 Downlooking\RGB\image_2931069516.png,10.143236,3.2286
D:\capstoneRoot\data\ASPIRE_forDistro\1 Downlooking\RGB\image_2931076068.png,10.1452,8.2736
D:\capstoneRoot\data\ASPIRE_forDistro\1 Downlooking\RGB\image_2931083183.png,10.1552,13.7256
D:\capstoneRoot\data\ASPIRE_forDistro\1 Downlooking\RGB\image_2931069306.png,10.1742,3.0796
D:\capstoneRoot\data\ASPIRE_forDistro\1 Downlooking\RGB\image_2931076198.png,10.188546,8.3646
D:\capstoneRoot\data\ASPIRE_forDistro\1 Downlooking\RGB\image_2931082711.png,10.2202,13.3746
D:\capstoneRoot\data\ASPIRE_forDistro\1 Downlooking\RGB\image_2931069257.png,10.2262,3.0256
D:\capstoneRoot\data\ASPIRE_forDistro\1 Downlooking\RGB\image_2931076149.png,10.2642,8.3236
D:\capstoneRoot\data\ASPIRE_forDistro\1 Downlooking\RGB\image_2931082320.png,10.2692,13.0736
D:\capstoneRoot\data\ASPIRE_forDistro\1 Downlooking\RGB\image_2931069176.png,10.276612,2.9776
D:\capstoneRoot\data\ASPIRE_forDistro\1 Downlooking\RGB\image_2931082532.png,10.283644,13.2256
D:\capstoneRoot\data\ASPIRE_forDistro\1 Downlooking\RGB\image_2931076019.png,10.2842,8.2266
D:\capstoneRoot\data\ASPIRE_forDistro\1 Downlooking\RGB\image_2931069387.png,10.3082,3.1276
D:\capstoneRoot\data\ASPIRE_forDistro\1 Downlooking\RGB\image_2931075547.png,10.3112,7.8766
D:\capstoneRoot\data\ASPIRE_forDistro\1 Downlooking\RGB\image_2931076328.png,10.319744,8.4716
D:\capstoneRoot\data\ASPIRE_forDistro\1 Downlooking\RGB\image_2931075629.png,10.3292,7.9256
D:\capstoneRoot\data\ASPIRE_forDistro\1 Downlooking\RGB\image_2931082402.png,10.342108,13.1256
D:\capstoneRoot\data\ASPIRE_forDistro\1 Downlooking\RGB\image_2931075759.png,10.3542,8.0266
D:\capstoneRoot\data\ASPIRE_forDistro\1 Downlooking\RGB\image_2931069046.png,10.3642,2.8766
D:\capstoneRoot\data\ASPIRE_forDistro\1 Downlooking\RGB\image_2931076280.png,10.3912,8.4216
D:\capstoneRoot\data\ASPIRE_forDistro\1 Downlooking\RGB\image_2931075286.png,10.3982,7.6746
D:\capstoneRoot\data\ASPIRE_forDistro\1 Downlooking\RGB\image_2931082272.png,10.4332,13.0226
D:\capstoneRoot\data\ASPIRE_forDistro\1 Downlooking\RGB\image_2931075499.png,10.4412,7.8236
D:\capstoneRoot\data\ASPIRE_forDistro\1 Downlooking\RGB\image_2931068999.png,10.5032,2.8266
D:\capstoneRoot\data\ASPIRE_forDistro\1 Downlooking\RGB\image_2931082189.png,10.5122,12.9746
D:\capstoneRoot\data\ASPIRE_forDistro\1 Downlooking\RGB\image_2931075239.png,10.5312,7.6286
D:\capstoneRoot\data\ASPIRE_forDistro\1 Downlooking\RGB\image_2931068916.png,10.5332,2.7746
D:\capstoneRoot\data\ASPIRE_forDistro\1 Downlooking\RGB\image_2931075155.png,10.628542,7.5766
D:\capstoneRoot\data\ASPIRE_forDistro\1 Downlooking\RGB\image_2931082058.png,10.680941,12.8746
D:\capstoneRoot\data\ASPIRE_forDistro\1 Downlooking\RGB\image_2931068786.png,10.6842,2.6756
D:\capstoneRoot\data\ASPIRE_forDistro\1 Downlooking\RGB\image_2931082143.png,10.7152,12.9256
D:\capstoneRoot\data\ASPIRE_forDistro\1 Downlooking\RGB\image_2931068527.png,10.7352,2.4826
D:\capstoneRoot\data\ASPIRE_forDistro\1 Downlooking\RGB\image_2931081797.png,10.769906,12.6726
D:\capstoneRoot\data\ASPIRE_forDistro\1 Downlooking\RGB\image_2931075110.png,10.8062,7.5276
D:\capstoneRoot\data\ASPIRE_forDistro\1 Downlooking\RGB\image_2931082013.png,10.8062,12.8256
D:\capstoneRoot\data\ASPIRE_forDistro\1 Downlooking\RGB\image_2931074370.png,10.809393,6.9806
D:\capstoneRoot\data\ASPIRE_forDistro\1 Downlooking\RGB\image_2931068612.png,10.843184,2.5206
D:\capstoneRoot\data\ASPIRE_forDistro\1 Downlooking\RGB\image_2931081927.png,10.851511,12.7736
D:\capstoneRoot\data\ASPIRE_forDistro\1 Downlooking\RGB\image_2931068397.png,10.8692,2.3796
D:\capstoneRoot\data\ASPIRE_forDistro\1 Downlooking\RGB\image_2931081883.png,10.891632,12.7216
D:\capstoneRoot\data\ASPIRE_forDistro\1 Downlooking\RGB\image_2931074456.png,10.904054,7.0256
D:\capstoneRoot\data\ASPIRE_forDistro\1 Downlooking\RGB\image_2931068483.png,10.9542,2.4226
D:\capstoneRoot\data\ASPIRE_forDistro\1 Downlooking\RGB\image_2931074326.png,10.956343,6.9236
D:\capstoneRoot\data\ASPIRE_forDistro\1 Downlooking\RGB\image_2931081753.png,10.958377,12.6256
D:\capstoneRoot\data\ASPIRE_forDistro\1 Downlooking\RGB\image_2931068267.png,11.0192,2.2776
D:\capstoneRoot\data\ASPIRE_forDistro\1 Downlooking\RGB\image_2931074239.png,11.05055,6.8776
D:\capstoneRoot\data\ASPIRE_forDistro\1 Downlooking\RGB\image_2931081535.png,11.0792,12.4706
D:\capstoneRoot\data\ASPIRE_forDistro\1 Downlooking\RGB\image_2931068008.png,11.1192,2.0806
D:\capstoneRoot\data\ASPIRE_forDistro\1 Downlooking\RGB\image_2931073978.png,11.1912,6.6786
D:\capstoneRoot\data\ASPIRE_forDistro\1 Downlooking\RGB\image_2931081404.png,11.1952,12.3706
D:\capstoneRoot\data\ASPIRE_forDistro\1 Downlooking\RGB\image_2931068096.png,11.202759,2.1256
D:\capstoneRoot\data\ASPIRE_forDistro\1 Downlooking\RGB\image_2931081493.png,11.2052,12.4186
D:\capstoneRoot\data\ASPIRE_forDistro\1 Downlooking\RGB\image_2931068137.png,11.2062,2.1746
D:\capstoneRoot\data\ASPIRE_forDistro\1 Downlooking\RGB\image_2931074067.png,11.268581,6.7256
D:\capstoneRoot\data\ASPIRE_forDistro\1 Downlooking\RGB\image_2931081363.png,11.3222,12.3236
D:\capstoneRoot\data\ASPIRE_forDistro\1 Downlooking\RGB\image_2931067967.png,11.3252,2.0276
D:\capstoneRoot\data\ASPIRE_forDistro\1 Downlooking\RGB\image_2931073937.png,11.3362,6.6256
D:\capstoneRoot\data\ASPIRE_forDistro\1 Downlooking\RGB\image_2931070728.png,11.3832,4.1786
D:\capstoneRoot\data\ASPIRE_forDistro\1 Downlooking\RGB\image_2931073807.png,11.4012,6.5266
D:\capstoneRoot\data\ASPIRE_forDistro\1 Downlooking\RGB\image_2931081273.png,11.40557,12.2736
D:\capstoneRoot\data\ASPIRE_forDistro\1 Downlooking\RGB\image_2931067838.png,11.408261,1.9256
D:\capstoneRoot\data\ASPIRE_forDistro\1 Downlooking\RGB\image_2931079971.png,11.4132,11.2766
D:\capstoneRoot\data\ASPIRE_forDistro\1 Downlooking\RGB\image_2931070987.png,11.4402,4.3766
D:\capstoneRoot\data\ASPIRE_forDistro\1 Downlooking\RGB\image_2931080101.png,11.4512,11.3726
D:\capstoneRoot\data\ASPIRE_forDistro\1 Downlooking\RGB\image_2931070818.png,11.4522,4.2316
D:\capstoneRoot\data\ASPIRE_forDistro\1 Downlooking\RGB\image_2931073196.png,11.4562,6.0776
D:\capstoneRoot\data\ASPIRE_forDistro\1 Downlooking\RGB\image_2931070598.png,11.47626,4.0756
D:\capstoneRoot\data\ASPIRE_forDistro\1 Downlooking\RGB\image_2931073456.png,11.4782,6.2766
D:\capstoneRoot\data\ASPIRE_forDistro\1 Downlooking\RGB\image_2931067741.png,11.4812,1.8756
D:\capstoneRoot\data\ASPIRE_forDistro\1 Downlooking\RGB\image_2931070857.png,11.4912,4.2716
D:\capstoneRoot\data\ASPIRE_forDistro\1 Downlooking\RGB\image_2931073417.png,11.4922,6.2256
D:\capstoneRoot\data\ASPIRE_forDistro\1 Downlooking\RGB\image_2931072767.png,11.4982,5.7246
D:\capstoneRoot\data\ASPIRE_forDistro\1 Downlooking\RGB\image_2931070559.png,11.5192,4.0256
D:\capstoneRoot\data\ASPIRE_forDistro\1 Downlooking\RGB\image_2931073027.png,11.5202,5.9256
D:\capstoneRoot\data\ASPIRE_forDistro\1 Downlooking\RGB\image_2931080231.png,11.5252,11.4706
D:\capstoneRoot\data\ASPIRE_forDistro\1 Downlooking\RGB\image_2931072546.png,11.5272,5.5796
D:\capstoneRoot\data\ASPIRE_forDistro\1 Downlooking\RGB\image_2931080192.png,11.5282,11.4226
D:\capstoneRoot\data\ASPIRE_forDistro\1 Downlooking\RGB\image_2931073157.png,11.5342,6.0276
D:\capstoneRoot\data\ASPIRE_forDistro\1 Downlooking\RGB\image_2931070948.png,11.5352,4.3286
D:\capstoneRoot\data\ASPIRE_forDistro\1 Downlooking\RGB\image_2931081012.png,11.541326,12.0766
D:\capstoneRoot\data\ASPIRE_forDistro\1 Downlooking\RGB\image_2931073287.png,11.5422,6.1216
D:\capstoneRoot\data\ASPIRE_forDistro\1 Downlooking\RGB\image_2931070468.png,11.542989,3.9776
D:\capstoneRoot\data\ASPIRE_forDistro\1 Downlooking\RGB\image_2931073547.png,11.5442,6.3256
D:\capstoneRoot\data\ASPIRE_forDistro\1 Downlooking\RGB\image_2931072416.png,11.5552,5.4786
D:\capstoneRoot\data\ASPIRE_forDistro\1 Downlooking\RGB\image_2931080062.png,11.5552,11.3266
D:\capstoneRoot\data\ASPIRE_forDistro\1 Downlooking\RGB\image_2931072286.png,11.5762,5.3756
D:\capstoneRoot\data\ASPIRE_forDistro\1 Downlooking\RGB\image_2931079932.png,11.5772,11.2256
D:\capstoneRoot\data\ASPIRE_forDistro\1 Downlooking\RGB\image_2931070689.png,11.5842,4.1276
D:\capstoneRoot\data\ASPIRE_forDistro\1 Downlooking\RGB\image_2931072156.png,11.588376,5.2776
D:\capstoneRoot\data\ASPIRE_forDistro\1 Downlooking\RGB\image_2931081142.png,11.5912,12.1756
D:\capstoneRoot\data\ASPIRE_forDistro\1 Downlooking\RGB\image_2931071078.png,11.605546,4.4296
D:\capstoneRoot\data\ASPIRE_forDistro\1 Downlooking\RGB\image_2931079840.png,11.6132,11.1736
D:\capstoneRoot\data\ASPIRE_forDistro\1 Downlooking\RGB\image_2931071116.png,11.6252,4.4756
D:\capstoneRoot\data\ASPIRE_forDistro\1 Downlooking\RGB\image_2931071988.png,11.6272,5.1266
D:\capstoneRoot\data\ASPIRE_forDistro\1 Downlooking\RGB\image_2931080453.png,11.6272,11.6256
D:\capstoneRoot\data\ASPIRE_forDistro\1 Downlooking\RGB\image_2931081234.png,11.632078,12.2206
D:\capstoneRoot\data\ASPIRE_forDistro\1 Downlooking\RGB\image_2931071636.png,11.6332,4.8776
D:\capstoneRoot\data\ASPIRE_forDistro\1 Downlooking\RGB\image_2931070338.png,11.663725,3.8776
D:\capstoneRoot\data\ASPIRE_forDistro\1 Downlooking\RGB\image_2931080491.png,11.666744,11.673338
D:\capstoneRoot\data\ASPIRE_forDistro\1 Downlooking\RGB\image_2931070430.png,11.6682,3.9276
D:\capstoneRoot\data\ASPIRE_forDistro\1 Downlooking\RGB\image_2931080323.png,11.6762,11.5236
D:\capstoneRoot\data\ASPIRE_forDistro\1 Downlooking\RGB\image_2931067703.png,11.6892,1.8276
D:\capstoneRoot\data\ASPIRE_forDistro\1 Downlooking\RGB\image_2931072378.png,11.6892,5.4266
D:\capstoneRoot\data\ASPIRE_forDistro\1 Downlooking\RGB\image_2931080621.png,11.694268,11.7756
D:\capstoneRoot\data\ASPIRE_forDistro\1 Downlooking\RGB\image_2931071338.png,11.6952,4.6206
D:\capstoneRoot\data\ASPIRE_forDistro\1 Downlooking\RGB\image_2931072248.png,11.697912,5.3236
D:\capstoneRoot\data\ASPIRE_forDistro\1 Downlooking\RGB\image_2931081104.png,11.711695,12.1256
D:\capstoneRoot\data\ASPIRE_forDistro\1 Downlooking\RGB\image_2931079802.png,11.7152,11.1236
D:\capstoneRoot\data\ASPIRE_forDistro\1 Downlooking\RGB\image_2931080751.png,11.7252,11.8756
D:\capstoneRoot\data\ASPIRE_forDistro\1 Downlooking\RGB\image_2931083618.png,11.7682,14.0596
D:\capstoneRoot\data\ASPIRE_forDistro\1 Downlooking\RGB\image_2931070208.png,11.7802,3.7776
D:\capstoneRoot\data\ASPIRE_forDistro\1 Downlooking\RGB\image_2931080844.png,11.7802,11.9266
D:\capstoneRoot\data\ASPIRE_forDistro\1 Downlooking\RGB\image_2931070301.png,11.7972,3.8306
D:\capstoneRoot\data\ASPIRE_forDistro\1 Downlooking\RGB\image_2931077233.png,11.7972,9.1756
D:\capstoneRoot\data\ASPIRE_forDistro\1 Downlooking\RGB\image_2931083581.png,11.807924,14.0076
D:\capstoneRoot\data\ASPIRE_forDistro\1 Downlooking\RGB\image_2931079187.png,11.8172,10.6726
D:\capstoneRoot\data\ASPIRE_forDistro\1 Downlooking\RGB\image_2931077363.png,11.81956,9.2756
D:\capstoneRoot\data\ASPIRE_forDistro\1 Downlooking\RGB\image_2931070078.png,11.8302,3.6746
D:\capstoneRoot\data\ASPIRE_forDistro\1 Downlooking\RGB\image_2931080714.png,11.8312,11.8246
D:\capstoneRoot\data\ASPIRE_forDistro\1 Downlooking\RGB\image_2931079672.png,11.8362,11.0246
D:\capstoneRoot\data\ASPIRE_forDistro\1 Downlooking\RGB\image_2931078666.png,11.842791,10.2766
D:\capstoneRoot\data\ASPIRE_forDistro\1 Downlooking\RGB\image_2931083487.png,11.8492,13.9576
D:\capstoneRoot\data\ASPIRE_forDistro\1 Downlooking\RGB\image_2931080584.png,11.8512,11.7236
D:\capstoneRoot\data\ASPIRE_forDistro\1 Downlooking\RGB\image_2931077493.png,11.853235,9.3776
D:\capstoneRoot\data\ASPIRE_forDistro\1 Downlooking\RGB\image_2931079578.png,11.8582,10.9756
D:\capstoneRoot\data\ASPIRE_forDistro\1 Downlooking\RGB\image_2931083842.png,11.8672,14.2106
D:\capstoneRoot\data\ASPIRE_forDistro\1 Downlooking\RGB\image_2931069912.png,11.8692,3.5266
D:\capstoneRoot\data\ASPIRE_forDistro\1 Downlooking\RGB\image_2931078796.png,11.876118,10.3766
D:\capstoneRoot\data\ASPIRE_forDistro\1 Downlooking\RGB\image_2931069948.png,11.8982,3.5786
D:\capstoneRoot\data\ASPIRE_forDistro\1 Downlooking\RGB\image_2931077623.png,11.906671,9.4746
D:\capstoneRoot\data\ASPIRE_forDistro\1 Downlooking\RGB\image_2931078760.png,11.9072,10.3276
D:\capstoneRoot\data\ASPIRE_forDistro\1 Downlooking\RGB\image_2931076582.png,11.9162,8.6746
D:\capstoneRoot\data\ASPIRE_forDistro\1 Downlooking\RGB\image_2931078890.png,11.9182,10.4236
D:\capstoneRoot\data\ASPIRE_forDistro\1 Downlooking\RGB\image_2931082965.png,11.927433,13.5726
D:\capstoneRoot\data\ASPIRE_forDistro\1 Downlooking\RGB\image_2931069818.png,11.9422,3.4716
D:\capstoneRoot\data\ASPIRE_forDistro\1 Downlooking\RGB\image_2931077587.png,11.9447,9.4166
D:\capstoneRoot\data\ASPIRE_forDistro\1 Downlooking\RGB\image_2931079542.png,11.9492,10.9256
D:\capstoneRoot\data\ASPIRE_forDistro\1 Downlooking\RGB\image_2931083712.png,11.9502,14.1116
D:\capstoneRoot\data\ASPIRE_forDistro\1 Downlooking\RGB\image_2931076842.png,11.9532,8.8716
D:\capstoneRoot\data\ASPIRE_forDistro\1 Downlooking\RGB\image_2931070042.png,11.9562,3.6226
D:\capstoneRoot\data\ASPIRE_forDistro\1 Downlooking\RGB\image_2931078630.png,11.9592,10.2226
D:\capstoneRoot\data\ASPIRE_forDistro\1 Downlooking\RGB\image_2931083451.png,11.9682,13.9116
D:\capstoneRoot\data\ASPIRE_forDistro\1 Downlooking\RGB\image_2931077327.png,11.9722,9.2246
D:\capstoneRoot\data\ASPIRE_forDistro\1 Downlooking\RGB\image_2931078108.png,11.9722,9.8226
D:\capstoneRoot\data\ASPIRE_forDistro\1 Downlooking\RGB\image_2931083356.png,11.975769,13.8596
D:\capstoneRoot\data\ASPIRE_forDistro\1 Downlooking\RGB\image_2931069688.png,11.987022,3.3736
D:\capstoneRoot\data\ASPIRE_forDistro\1 Downlooking\RGB\image_2931076972.png,11.9872,8.9746
D:\capstoneRoot\data\ASPIRE_forDistro\1 Downlooking\RGB\image_2931077753.png,11.9942,9.5766
D:\capstoneRoot\data\ASPIRE_forDistro\1 Downlooking\RGB\image_2931070172.png,11.9962,3.7246
D:\capstoneRoot\data\ASPIRE_forDistro\1 Downlooking\RGB\image_2931079056.png,11.9972,10.5756
D:\capstoneRoot\data\ASPIRE_forDistro\1 Downlooking\RGB\image_2931077102.png,12.010371,9.0746
D:\capstoneRoot\data\ASPIRE_forDistro\1 Downlooking\RGB\image_2931078404.png,12.0142,10.0746
D:\capstoneRoot\data\ASPIRE_forDistro\1 Downlooking\RGB\image_2931077197.png,12.0192,9.1236
D:\capstoneRoot\data\ASPIRE_forDistro\1 Downlooking\RGB\image_2931078013.png,12.0262,9.7756
D:\capstoneRoot\data\ASPIRE_forDistro\1 Downlooking\RGB\image_2931083095.png,12.033594,13.6746
D:\capstoneRoot\data\ASPIRE_forDistro\1 Downlooking\RGB\image_2931077848.png,12.03619,9.6246
D:\capstoneRoot\data\ASPIRE_forDistro\1 Downlooking\RGB\image_2931069653.png,12.039267,3.322831
D:\capstoneRoot\data\ASPIRE_forDistro\1 Downlooking\RGB\image_2931078369.png,12.0472,10.0256
D:\capstoneRoot\data\ASPIRE_forDistro\1 Downlooking\RGB\image_2931083060.png,12.0482,13.6226
D:\capstoneRoot\data\ASPIRE_forDistro\1 Downlooking\RGB\image_2931076937.png,12.0522,8.9256
D:\capstoneRoot\data\ASPIRE_forDistro\1 Downlooking\RGB\image_2931083225.png,12.0692,13.7576
D:\capstoneRoot\data\ASPIRE_forDistro\1 Downlooking\RGB\image_2931079412.png,12.071622,10.8276
D:\capstoneRoot\data\ASPIRE_forDistro\1 Downlooking\RGB\image_2931069783.png,12.079331,3.4266
D:\capstoneRoot\data\ASPIRE_forDistro\1 Downlooking\RGB\image_2931077718.png,12.086148,9.5246
D:\capstoneRoot\data\ASPIRE_forDistro\1 Downlooking\RGB\image_2931076807.png,12.0872,8.8246
D:\capstoneRoot\data\ASPIRE_forDistro\1 Downlooking\RGB\image_2931082834.png,12.0972,13.4736
D:\capstoneRoot\data\ASPIRE_forDistro\1 Downlooking\RGB\image_2931076547.png,12.1022,8.6276
D:\capstoneRoot\data\ASPIRE_forDistro\1 Downlooking\RGB\image_2931083321.png,12.1322,13.8066
D:\capstoneRoot\data\ASPIRE_forDistro\1 Downlooking\RGB\image_2931069428.png,12.154977,3.1746
D:\capstoneRoot\data\ASPIRE_forDistro\1 Downlooking\RGB\image_2931082930.png,12.1642,13.5246
D:\capstoneRoot\data\ASPIRE_forDistro\1 Downlooking\RGB\image_2931076451.png,12.1712,8.5766
D:\capstoneRoot\data\ASPIRE_forDistro\1 Downlooking\RGB\image_2931082443.png,12.1982,13.1766
D:\capstoneRoot\data\ASPIRE_forDistro\1 Downlooking\RGB\image_2931069524.png,12.2032,3.2286
D:\capstoneRoot\data\ASPIRE_forDistro\1 Downlooking\RGB\image_2931076060.png,12.2202,8.2736
D:\capstoneRoot\data\ASPIRE_forDistro\1 Downlooking\RGB\image_2931083191.png,12.2202,13.7256
D:\capstoneRoot\data\ASPIRE_forDistro\1 Downlooking\RGB\image_2931069298.png,12.2502,3.0796
D:\capstoneRoot\data\ASPIRE_forDistro\1 Downlooking\RGB\image_2931076190.png,12.261648,8.3656
D:\capstoneRoot\data\ASPIRE_forDistro\1 Downlooking\RGB\image_2931082703.png,12.2912,13.3746
D:\capstoneRoot\data\ASPIRE_forDistro\1 Downlooking\RGB\image_2931069265.png,12.2922,3.0256
D:\capstoneRoot\data\ASPIRE_forDistro\1 Downlooking\RGB\image_2931082670.png,12.2922,13.3216
D:\capstoneRoot\data\ASPIRE_forDistro\1 Downlooking\RGB\image_2931076157.png,12.3312,8.3246
D:\capstoneRoot\data\ASPIRE_forDistro\1 Downlooking\RGB\image_2931082312.png,12.3412,13.0736
D:\capstoneRoot\data\ASPIRE_forDistro\1 Downlooking\RGB\image_2931076027.png,12.3482,8.2266
D:\capstoneRoot\data\ASPIRE_forDistro\1 Downlooking\RGB\image_2931082540.png,12.349747,13.2246
D:\capstoneRoot\data\ASPIRE_forDistro\1 Downlooking\RGB\image_2931069168.png,12.3502,2.9776
D:\capstoneRoot\data\ASPIRE_forDistro\1 Downlooking\RGB\image_2931075799.png,12.3832,8.0756
D:\capstoneRoot\data\ASPIRE_forDistro\1 Downlooking\RGB\image_2931082410.png,12.410367,13.1246
D:\capstoneRoot\data\ASPIRE_forDistro\1 Downlooking\RGB\image_2931075767.png,12.4172,8.0266
D:\capstoneRoot\data\ASPIRE_forDistro\1 Downlooking\RGB\image_2931069136.png,12.438125,2.9226
D:\capstoneRoot\data\ASPIRE_forDistro\1 Downlooking\RGB\image_2931076288.png,12.4552,8.4216
D:\capstoneRoot\data\ASPIRE_forDistro\1 Downlooking\RGB\image_2931075278.png,12.4762,7.6756
D:\capstoneRoot\data\ASPIRE_forDistro\1 Downlooking\RGB\image_2931082280.png,12.491371,13.0226
D:\capstoneRoot\data\ASPIRE_forDistro\1 Downlooking\RGB\image_2931075408.png,12.4942,7.7696
D:\capstoneRoot\data\ASPIRE_forDistro\1 Downlooking\RGB\image_2931069007.png,12.5642,2.8266
D:\capstoneRoot\data\ASPIRE_forDistro\1 Downlooking\RGB\image_2931082181.png,12.5872,12.9746
D:\capstoneRoot\data\ASPIRE_forDistro\1 Downlooking\RGB\image_2931075247.png,12.5902,7.6296
D:\capstoneRoot\data\ASPIRE_forDistro\1 Downlooking\RGB\image_2931068908.png,12.6112,2.7756
D:\capstoneRoot\data\ASPIRE_forDistro\1 Downlooking\RGB\image_2931075147.png,12.704553,7.5766
D:\capstoneRoot\data\ASPIRE_forDistro\1 Downlooking\RGB\image_2931082050.png,12.7502,12.8746
D:\capstoneRoot\data\ASPIRE_forDistro\1 Downlooking\RGB\image_2931068778.png,12.7622,2.6756
D:\capstoneRoot\data\ASPIRE_forDistro\1 Downlooking\RGB\image_2931082151.png,12.7712,12.9256
D:\capstoneRoot\data\ASPIRE_forDistro\1 Downlooking\RGB\image_2931068519.png,12.8132,2.4826
D:\capstoneRoot\data\ASPIRE_forDistro\1 Downlooking\RGB\image_2931081789.png,12.837897,12.6736
D:\capstoneRoot\data\ASPIRE_forDistro\1 Downlooking\RGB\image_2931075118.png,12.859945,7.527709
D:\capstoneRoot\data\ASPIRE_forDistro\1 Downlooking\RGB\image_2931074362.png,12.8732,6.9786
D:\capstoneRoot\data\ASPIRE_forDistro\1 Downlooking\RGB\image_2931068620.png,12.898081,2.5206
D:\capstoneRoot\data\ASPIRE_forDistro\1 Downlooking\RGB\image_2931074622.png,12.8982,7.1756
D:\capstoneRoot\data\ASPIRE_forDistro\1 Downlooking\RGB\image_2931081919.png,12.9332,12.7726
D:\capstoneRoot\data\ASPIRE_forDistro\1 Downlooking\RGB\image_2931074464.png,12.948055,7.0256
D:\capstoneRoot\data\ASPIRE_forDistro\1 Downlooking\RGB\image_2931068491.png,13.0062,2.4226
D:\capstoneRoot\data\ASPIRE_forDistro\1 Downlooking\RGB\image_2931081761.png,13.010148,12.6256
D:\capstoneRoot\data\ASPIRE_forDistro\1 Downlooking\RGB\image_2931068362.png,13.0842,2.3286
D:\capstoneRoot\data\ASPIRE_forDistro\1 Downlooking\RGB\image_2931081631.png,13.142574,12.5216
D:\capstoneRoot\data\ASPIRE_forDistro\1 Downlooking\RGB\image_2931068233.png,13.2002,2.2256
D:\capstoneRoot\data\ASPIRE_forDistro\1 Downlooking\RGB\image_2931074205.png,13.2352,6.8266
D:\capstoneRoot\data\ASPIRE_forDistro\1 Downlooking\RGB\image_2931068104.png,13.2512,2.1256
D:\capstoneRoot\data\ASPIRE_forDistro\1 Downlooking\RGB\image_2931081501.png,13.251977,12.4196
D:\capstoneRoot\data\ASPIRE_forDistro\1 Downlooking\RGB\image_2931074075.png,13.3102,6.7266
D:\capstoneRoot\data\ASPIRE_forDistro\1 Downlooking\RGB\image_2931081371.png,13.3672,12.3236
D:\capstoneRoot\data\ASPIRE_forDistro\1 Downlooking\RGB\image_2931067975.png,13.370692,2.0276
D:\capstoneRoot\data\ASPIRE_forDistro\1 Downlooking\RGB\image_2931073945.png,13.38433,6.6256
D:\capstoneRoot\data\ASPIRE_forDistro\1 Downlooking\RGB\image_2931067846.png,13.4592,1.9256
D:\capstoneRoot\data\ASPIRE_forDistro\1 Downlooking\RGB\image_2931070826.png,13.495846,4.2306
D:\capstoneRoot\data\ASPIRE_forDistro\1 Downlooking\RGB\image_2931073685.png,13.516239,6.4226
D:\capstoneRoot\data\ASPIRE_forDistro\1 Downlooking\RGB\image_2931072775.png,13.531995,5.7236
D:\capstoneRoot\data\ASPIRE_forDistro\1 Downlooking\RGB\image_2931073425.png,13.5372,6.2266
D:\capstoneRoot\data\ASPIRE_forDistro\1 Downlooking\RGB\image_2931072645.png,13.5532,5.6256
D:\capstoneRoot\data\ASPIRE_forDistro\1 Downlooking\RGB\image_2931070567.png,13.5702,4.0256
D:\capstoneRoot\data\ASPIRE_forDistro\1 Downlooking\RGB\image_2931080200.png,13.5722,11.4226
D:\capstoneRoot\data\ASPIRE_forDistro\1 Downlooking\RGB\image_2931073165.png,13.5792,6.0276
D:\capstoneRoot\data\ASPIRE_forDistro\1 Downlooking\RGB\image_2931080070.png,13.5992,11.3266
D:\capstoneRoot\data\ASPIRE_forDistro\1 Downlooking\RGB\image_2931070697.png,13.6352,4.1276
D:\capstoneRoot\data\ASPIRE_forDistro\1 Downlooking\RGB\image_2931071996.png,13.661372,5.127339
D:\capstoneRoot\data\ASPIRE_forDistro\1 Downlooking\RGB\image_2931080461.png,13.6702,11.6256
D:\capstoneRoot\data\ASPIRE_forDistro\1 Downlooking\RGB\image_2931081242.png,13.6712,12.2216
D:\capstoneRoot\data\ASPIRE_forDistro\1 Downlooking\RGB\image_2931071606.png,13.6752,4.8266
D:\capstoneRoot\data\ASPIRE_forDistro\1 Downlooking\RGB\image_2931070438.png,13.712792,3.9276
D:\capstoneRoot\data\ASPIRE_forDistro\1 Downlooking\RGB\image_2931080331.png,13.713946,11.5236
D:\capstoneRoot\data\ASPIRE_forDistro\1 Downlooking\RGB\image_2931067711.png,13.7352,1.8276
D:\capstoneRoot\data\ASPIRE_forDistro\1 Downlooking\RGB\image_2931072386.png,13.7352,5.4266
D:\capstoneRoot\data\ASPIRE_forDistro\1 Downlooking\RGB\image_2931081112.png,13.7392,12.1256
D:\capstoneRoot\data\ASPIRE_forDistro\1 Downlooking\RGB\image_2931071346.png,13.7452,4.6206
D:\capstoneRoot\data\ASPIRE_forDistro\1 Downlooking\RGB\image_2931072516.png,13.7522,5.5276
D:\capstoneRoot\data\ASPIRE_forDistro\1 Downlooking\RGB\image_2931079810.png,13.7562,11.1236
D:\capstoneRoot\data\ASPIRE_forDistro\1 Downlooking\RGB\image_2931080982.png,13.79376,12.0236
D:\capstoneRoot\data\ASPIRE_forDistro\1 Downlooking\RGB\image_2931070309.png,13.8452,3.8306
D:\capstoneRoot\data\ASPIRE_forDistro\1 Downlooking\RGB\image_2931083589.png,13.845524,14.0076
D:\capstoneRoot\data\ASPIRE_forDistro\1 Downlooking\RGB\image_2931080722.png,13.8722,11.8236
D:\capstoneRoot\data\ASPIRE_forDistro\1 Downlooking\RGB\image_2931079680.png,13.8762,11.0246
D:\capstoneRoot\data\ASPIRE_forDistro\1 Downlooking\RGB\image_2931080592.png,13.8932,11.7236
D:\capstoneRoot\data\ASPIRE_forDistro\1 Downlooking\RGB\image_2931083850.png,13.908817,14.2106
D:\capstoneRoot\data\ASPIRE_forDistro\1 Downlooking\RGB\image_2931079289.png,13.9182,10.7296
D:\capstoneRoot\data\ASPIRE_forDistro\1 Downlooking\RGB\image_2931069920.png,13.9192,3.5256
D:\capstoneRoot\data\ASPIRE_forDistro\1 Downlooking\RGB\image_2931078768.png,13.9442,10.3276
D:\capstoneRoot\data\ASPIRE_forDistro\1 Downlooking\RGB\image_2931077595.png,13.9802,9.4156
D:\capstoneRoot\data\ASPIRE_forDistro\1 Downlooking\RGB\image_2931079550.png,13.9852,10.9246
D:\capstoneRoot\data\ASPIRE_forDistro\1 Downlooking\RGB\image_2931083720.png,13.9932,14.1116
D:\capstoneRoot\data\ASPIRE_forDistro\1 Downlooking\RGB\image_2931078638.png,13.9972,10.2216
D:\capstoneRoot\data\ASPIRE_forDistro\1 Downlooking\RGB\image_2931077335.png,13.998939,9.2246
D:\capstoneRoot\data\ASPIRE_forDistro\1 Downlooking\RGB\image_2931079159.png,14.0012,10.6296
D:\capstoneRoot\data\ASPIRE_forDistro\1 Downlooking\RGB\image_2931070050.png,14.0052,3.6226
D:\capstoneRoot\data\ASPIRE_forDistro\1 Downlooking\RGB\image_2931083459.png,14.0092,13.9116
D:\capstoneRoot\data\ASPIRE_forDistro\1 Downlooking\RGB\image_2931077465.png,14.0117,9.3236
D:\capstoneRoot\data\ASPIRE_forDistro\1 Downlooking\RGB\image_2931070180.png,14.037215,3.7246
D:\capstoneRoot\data\ASPIRE_forDistro\1 Downlooking\RGB\image_2931077205.png,14.059494,9.1236
D:\capstoneRoot\data\ASPIRE_forDistro\1 Downlooking\RGB\image_2931077986.png,14.0662,9.7226
D:\capstoneRoot\data\ASPIRE_forDistro\1 Downlooking\RGB\image_2931083068.png,14.0882,13.6226
D:\capstoneRoot\data\ASPIRE_forDistro\1 Downlooking\RGB\image_2931069661.png,14.092516,3.3236
D:\capstoneRoot\data\ASPIRE_forDistro\1 Downlooking\RGB\image_2931076945.png,14.0952,8.9256
D:\capstoneRoot\data\ASPIRE_forDistro\1 Downlooking\RGB\image_2931079420.png,14.1042,10.8276
D:\capstoneRoot\data\ASPIRE_forDistro\1 Downlooking\RGB\image_2931077726.png,14.127082,9.5246
D:\capstoneRoot\data\ASPIRE_forDistro\1 Downlooking\RGB\image_2931076815.png,14.1292,8.8246
D:\capstoneRoot\data\ASPIRE_forDistro\1 Downlooking\RGB\image_2931069791.png,14.130213,3.4266
D:\capstoneRoot\data\ASPIRE_forDistro\1 Downlooking\RGB\image_2931076555.png,14.1432,8.6276
D:\capstoneRoot\data\ASPIRE_forDistro\1 Downlooking\RGB\image_2931083329.png,14.1662,13.8066
D:\capstoneRoot\data\ASPIRE_forDistro\1 Downlooking\RGB\image_2931069532.png,14.2132,3.2276
D:\capstoneRoot\data\ASPIRE_forDistro\1 Downlooking\RGB\image_2931083200.png,14.2842,13.7256
D:\capstoneRoot\data\ASPIRE_forDistro\1 Downlooking\RGB\image_2931069274.png,14.3072,3.0256
D:\capstoneRoot\data\ASPIRE_forDistro\1 Downlooking\RGB\image_2931082679.png,14.310058,13.3216
D:\capstoneRoot\data\ASPIRE_forDistro\1 Downlooking\RGB\image_2931076167.png,14.3932,8.3236
D:\capstoneRoot\data\ASPIRE_forDistro\1 Downlooking\RGB\image_2931082550.png,14.4082,13.2256
D:\capstoneRoot\data\ASPIRE_forDistro\1 Downlooking\RGB\image_2931069405.png,14.4122,3.1276
D:\capstoneRoot\data\ASPIRE_forDistro\1 Downlooking\RGB\image_2931082420.png,14.4172,13.1246
D:\capstoneRoot\data\ASPIRE_forDistro\1 Downlooking\RGB\image_2931076428.png,14.421211,8.5226
D:\capstoneRoot\data\ASPIRE_forDistro\1 Downlooking\RGB\image_2931075647.png,14.4272,7.9266
D:\capstoneRoot\data\ASPIRE_forDistro\1 Downlooking\RGB\image_2931069146.png,14.4422,2.9226
D:\capstoneRoot\data\ASPIRE_forDistro\1 Downlooking\RGB\image_2931076299.png,14.5212,8.4206
D:\capstoneRoot\data\ASPIRE_forDistro\1 Downlooking\RGB\image_2931075518.png,14.523431,7.8236
D:\capstoneRoot\data\ASPIRE_forDistro\1 Downlooking\RGB\image_2931082291.png,14.533204,13.0216
D:\capstoneRoot\data\ASPIRE_forDistro\1 Downlooking\RGB\image_2931075388.png,14.552039,7.7296
D:\capstoneRoot\data\ASPIRE_forDistro\1 Downlooking\RGB\image_2931069019.png,14.6382,2.8266
D:\capstoneRoot\data\ASPIRE_forDistro\1 Downlooking\RGB\image_2931075259.png,14.6422,7.6286
D:\capstoneRoot\data\ASPIRE_forDistro\1 Downlooking\RGB\image_2931068890.png,14.664926,2.7256
D:\capstoneRoot\data\ASPIRE_forDistro\1 Downlooking\RGB\image_2931082164.png,14.7802,12.9256
D:\capstoneRoot\data\ASPIRE_forDistro\1 Downlooking\RGB\image_2931068762.png,14.781106,2.6276
D:\capstoneRoot\data\ASPIRE_forDistro\1 Downlooking\RGB\image_2931075132.png,14.8872,7.5276
D:\capstoneRoot\data\ASPIRE_forDistro\1 Downlooking\RGB\image_2931082035.png,14.8882,12.8256
D:\capstoneRoot\data\ASPIRE_forDistro\1 Downlooking\RGB\image_2931068634.png,14.9032,2.5206
D:\capstoneRoot\data\ASPIRE_forDistro\1 Downlooking\RGB\image_2931075003.png,14.9935,7.42674
D:\capstoneRoot\data\ASPIRE_forDistro\1 Downlooking\RGB\image_2931081906.png,15.0002,12.7216
D:\capstoneRoot\data\ASPIRE_forDistro\1 Downlooking\RGB\image_2931074609.png,15.0072,7.1236
D:\capstoneRoot\data\ASPIRE_forDistro\1 Downlooking\RGB\image_2931081776.png,15.0152,12.6246
D:\capstoneRoot\data\ASPIRE_forDistro\1 Downlooking\RGB\image_2931068506.png,15.0172,2.4226
